t,active_cpu_fog,fog_capacity,pressure,worst_fog_pressure,predicted_pressure,prediction_uncertainty,lstm_fallback_used,dqn_fallback_used_tasks,scale_decision,offload_ratio,offload_reason,tasks_on_fog,tasks_on_cloud,tasks_placed_fog,tasks_placed_cloud,fog_nodes_used_tick,cloud_nodes_used_tick,scale_up_total,scale_down_total,energy_joules_cumul,fog_f0_p,fog_f0_load,fog_f0_power,fog_f1_p,fog_f1_load,fog_f1_power,fog_f2_p,fog_f2_load,fog_f2_power,fog_f3_p,fog_f3_load,fog_f3_power,fog_f4_p,fog_f4_load,fog_f4_power,cloud_c0_load,cloud_c1_load
0,91,235,0.3872340425531915,0.8181818181818182,0.3872340425531915,0.1,1,2,none,0.0,,2,0,2,0,2,0,0,0,424.72727272727275,0.8181818181818182,90,222.72727272727275,0.0,0,100.0,0.0,0,0.0,0.0,0,0.0,0.013333333333333334,1,102.0,0,0
1,157,235,0.6680851063829787,0.8933333333333333,0.6680851063829787,0.1,1,1,none,0.0,,3,0,1,0,1,0,0,0,981.4545454545455,0.8181818181818182,90,222.72727272727275,0.0,0,100.0,0.0,0,0.0,0.0,0,0.0,0.8933333333333333,67,234.0,0,0
2,183,235,0.7787234042553192,0.8933333333333333,0.7787234042553192,0.1,1,2,none,0.0,,5,0,2,0,1,0,0,0,1616.1818181818182,0.8181818181818182,90,222.72727272727275,0.52,26,178.0,0.0,0,0.0,0.0,0,0.0,0.8933333333333333,67,234.0,0,0
3,188,235,0.8,0.8933333333333333,0.8,0.1,1,2,none,0.0,,6,0,2,0,2,0,0,0,2265.909090909091,0.8181818181818182,90,222.72727272727275,0.62,31,193.0,0.0,0,0.0,0.0,0,0.0,0.8933333333333333,67,234.0,0,0
4,98,235,0.41702127659574467,0.8181818181818182,0.41702127659574467,0.1,1,2,none,0.0,,5,0,2,0,1,0,0,0,2710.636363636364,0.8181818181818182,90,222.72727272727275,0.12,6,118.0,0.0,0,0.0,0.0,0,0.0,0.02666666666666667,2,104.0,0,0
5,99,235,0.42127659574468085,0.8181818181818182,0.42127659574468085,0.1,1,1,none,0.0,,6,0,1,0,1,0,0,0,3157.363636363637,0.8181818181818182,90,222.72727272727275,0.12,6,118.0,0.0,0,0.0,0.0,0,0.0,0.04,3,106.0,0,0
6,29,235,0.12340425531914893,0.20909090909090908,0.12340425531914893,0.1,1,3,none,0.0,,6,0,3,0,2,0,0,0,3503.7272727272734,0.20909090909090908,23,131.36363636363637,0.06,3,109.0,0.0,0,0.0,0.0,0,0.0,0.04,3,106.0,0,0
7,79,235,0.33617021276595743,0.43636363636363634,0.33617021276595743,0.1,1,3,none,0.0,,8,1,2,1,2,1,0,0,3934.181818181819,0.43636363636363634,48,165.45454545454544,0.06,3,109.0,0.0,0,0.0,0.0,0,0.0,0.37333333333333335,28,156.0,66,0
8,142,235,0.6042553191489362,0.9,0.6042553191489362,0.1,1,4,none,0.0,,9,2,3,1,2,1,0,0,4472.181818181819,0.9,99,235.0,0.34,17,151.0,0.0,0,0.0,0.0,0,0.0,0.3466666666666667,26,152.0,66,90
9,153,235,0.6510638297872341,0.6933333333333334,0.6510638297872341,0.1,1,5,none,0.0,,7,3,4,1,3,1,0,0,5054.818181818183,0.6909090909090909,76,203.63636363636363,0.5,25,175.0,0.0,0,0.0,0.0,0,0.0,0.6933333333333334,52,204.0,186,90
10,212,235,0.902127659574468,0.9454545454545454,0.9672167807334802,0.2904977092405823,0,6,up,0.3249312707075429,demand/capacity=1.11 | SAFETY pressure=0.90,13,2,6,0,3,0,1,0,5750.636363636365,0.9454545454545454,104,241.8181818181818,0.76,38,214.0,0.0,0,0.0,0.0,0,0.0,0.9333333333333333,70,240.0,120,90
11,228,330,0.6909090909090909,0.9333333333333333,0.9672167807334802,0.2904977092405823,0,2,up,0.3249312707075429,demand/capacity=1.11 | SAFETY pressure=0.90,11,0,2,0,2,0,1,0,6562.803827751197,0.4818181818181818,53,172.27272727272725,0.48,24,172.0,0.8526315789473684,81,227.89473684210526,0.0,0,0.0,0.9333333333333333,70,240.0,0,0
12,274,330,0.8303030303030303,1.0,0.9672167807334802,0.2904977092405823,0,4,up,0.3249312707075429,demand/capacity=1.11 | SAFETY pressure=0.90,11,1,3,1,2,1,1,0,7419.698564593302,1.0,110,250.0,0.26,13,139.0,0.8526315789473684,81,227.89473684210526,0.0,0,0.0,0.9333333333333333,70,240.0,0,120
13,235,330,0.7121212121212122,0.8526315789473684,0.9672167807334802,0.2904977092405823,0,2,up,0.3249312707075429,demand/capacity=1.11 | SAFETY pressure=0.90,6,1,2,0,1,0,1,0,8224.411483253589,0.7454545454545455,82,211.8181818181818,0.42,21,163.0,0.8526315789473684,81,227.89473684210526,0.0,0,0.0,0.68,51,202.0,0,120
14,173,330,0.5242424242424243,0.7454545454545455,0.9672167807334802,0.2904977092405823,0,2,up,0.3249312707075429,demand/capacity=1.11 | SAFETY pressure=0.90,7,0,2,0,1,0,1,0,8931.22966507177,0.7454545454545455,82,211.8181818181818,0.42,21,163.0,0.2,19,130.0,0.0,0,0.0,0.68,51,202.0,0,0
15,86,330,0.2606060606060606,0.42,0.9672167807334802,0.2904977092405823,0,4,up,0.3249312707075429,demand/capacity=1.11 | SAFETY pressure=0.90,8,1,3,1,2,1,1,0,9487.593301435407,0.4090909090909091,45,161.36363636363637,0.42,21,163.0,0.2,19,130.0,0.0,0,0.0,0.013333333333333334,1,102.0,120,0
16,85,330,0.25757575757575757,0.4,0.9672167807334802,0.2904977092405823,0,0,up,0.3249312707075429,demand/capacity=1.11 | SAFETY pressure=0.90,7,1,2,0,1,0,1,0,10021.593301435407,0.4,44,160.0,0.0,0,100.0,0.2,19,130.0,0.0,0,0.0,0.29333333333333333,22,144.0,120,0
17,97,330,0.29393939393939394,0.4,0.9672167807334802,0.2904977092405823,0,0,up,0.3249312707075429,demand/capacity=1.11 | SAFETY pressure=0.90,8,0,2,0,1,0,1,0,10574.54066985646,0.4,44,160.0,0.0,0,100.0,0.3263157894736842,31,148.94736842105263,0.0,0,0.0,0.29333333333333333,22,144.0,0,0
18,175,330,0.5303030303030303,0.9090909090909091,0.9672167807334802,0.2904977092405823,0,0,up,0.3249312707075429,demand/capacity=1.11 | SAFETY pressure=0.90,8,0,3,0,2,0,1,0,11271.272727272728,0.9090909090909091,100,236.36363636363635,0.46,23,169.0,0.3157894736842105,30,147.36842105263156,0.0,0,0.0,0.29333333333333333,22,144.0,0,0
19,129,330,0.39090909090909093,0.9090909090909091,0.9672167807334802,0.2904977092405823,0,0,up,0.3249312707075429,demand/capacity=1.11 | SAFETY pressure=0.90,5,0,1,0,1,0,1,0,11886.531100478469,0.9090909090909091,100,236.36363636363635,0.46,23,169.0,0.05263157894736842,5,107.89473684210526,0.0,0,0.0,0.013333333333333334,1,102.0,0,0
20,144,330,0.43636363636363634,0.6,0.39195617000805427,0.20269157271529412,0,0,none,0.0,no offload,7,1,4,1,3,1,1,0,12544.583732057416,0.6,66,190.0,0.46,23,169.0,0.2736842105263158,26,141.05263157894737,0.0,0,0.0,0.38666666666666666,29,158.0,0,100
21,160,330,0.48484848484848486,0.6842105263157895,0.39195617000805427,0.20269157271529412,0,0,none,0.0,no offload,6,2,1,1,1,1,1,0,13195.215311004784,0.6,66,190.0,0.0,0,100.0,0.6842105263157895,65,202.63157894736844,0.0,0,0.0,0.38666666666666666,29,158.0,81,100
22,146,330,0.44242424242424244,0.6,0.39195617000805427,0.20269157271529412,0,0,none,0.0,no offload,6,2,1,1,1,1,1,0,13839.373205741625,0.6,66,190.0,0.22,11,133.0,0.42105263157894735,40,163.1578947368421,0.0,0,0.0,0.38666666666666666,29,158.0,81,100
23,51,330,0.15454545454545454,0.42105263157894735,0.39195617000805427,0.20269157271529412,0,0,none,0.0,no offload,3,2,0,0,0,0,1,0,14335.531100478467,0.0,0,100.0,0.22,11,133.0,0.42105263157894735,40,163.1578947368421,0.0,0,0.0,0.0,0,100.0,81,100
24,70,330,0.21212121212121213,0.24210526315789474,0.39195617000805427,0.20269157271529412,0,0,none,0.0,no offload,5,0,4,0,3,0,1,0,14865.392344497606,0.16363636363636364,18,124.54545454545455,0.22,11,133.0,0.24210526315789474,23,136.31578947368422,0.0,0,0.0,0.24,18,136.0,0,0
25,104,330,0.3151515151515151,0.5181818181818182,0.39195617000805427,0.20269157271529412,0,0,none,0.0,no offload,7,0,3,0,2,0,1,0,15433.435406698563,0.5181818181818182,57,177.72727272727275,0.12,6,118.0,0.24210526315789474,23,136.31578947368422,0.0,0,0.0,0.24,18,136.0,0,0
26,107,330,0.3242424242424242,0.5181818181818182,0.39195617000805427,0.20269157271529412,0,0,none,0.0,no offload,8,0,1,0,1,0,1,0,16010.47846889952,0.5181818181818182,57,177.72727272727275,0.18,9,127.0,0.24210526315789474,23,136.31578947368422,0.0,0,0.0,0.24,18,136.0,0,0
27,104,330,0.3151515151515151,0.35454545454545455,0.39195617000805427,0.20269157271529412,0,0,none,0.0,no offload,11,0,7,0,3,0,1,0,16592.60765550239,0.35454545454545455,39,153.1818181818182,0.24,12,136.0,0.3263157894736842,31,148.94736842105263,0.0,0,0.0,0.29333333333333333,22,144.0,0,0
28,120,330,0.36363636363636365,0.5545454545454546,0.39195617000805427,0.20269157271529412,0,0,none,0.0,no offload,11,0,3,0,1,0,1,0,17186.73684210526,0.5545454545454546,61,183.1818181818182,0.12,6,118.0,0.3263157894736842,31,148.94736842105263,0.0,0,0.0,0.29333333333333333,22,144.0,0,0
29,92,330,0.2787878787878788,0.5545454545454546,0.39195617000805427,0.20269157271529412,0,0,none,0.0,no offload,9,0,0,0,0,0,1,0,17732.392344497603,0.5545454545454546,61,183.1818181818182,0.06,3,109.0,0.06315789473684211,6,109.47368421052632,0.0,0,0.0,0.29333333333333333,22,144.0,0,0
31,73,280,0.26071428571428573,0.39090909090909093,0.1705286005867208,0.1308533260387551,0,0,down,0.0,low pressure,4,1,1,1,1,1,1,1,18633.100478468896,0.39090909090909093,43,158.63636363636363,0.0,0,0.0,0.2631578947368421,25,139.4736842105263,0.0,0,0.0,0.06666666666666667,5,110.0,100,0
32,48,280,0.17142857142857143,0.39090909090909093,0.1705286005867208,0.1308533260387551,0,0,down,0.0,low pressure,3,1,0,0,0,0,1,1,19001.73684210526,0.39090909090909093,43,158.63636363636363,0.0,0,0.0,0.0,0,100.0,0.0,0,0.0,0.06666666666666667,5,110.0,100,0
33,107,280,0.3821428571428571,0.7363636363636363,0.1705286005867208,0.1308533260387551,0,0,down,0.0,low pressure,3,0,3,0,3,0,1,1,19453.66507177033,0.7363636363636363,81,210.45454545454544,0.0,0,0.0,0.2631578947368421,25,139.4736842105263,0.0,0,0.0,0.013333333333333334,1,102.0,0,0
34,110,280,0.39285714285714285,0.7363636363636363,0.1705286005867208,0.1308533260387551,0,0,down,0.0,low pressure,4,0,1,0,1,0,1,1,19911.5933014354,0.7363636363636363,81,210.45454545454544,0.0,0,0.0,0.2631578947368421,25,139.4736842105263,0.0,0,0.0,0.05333333333333334,4,108.0,0,0
35,216,280,0.7714285714285715,0.8105263157894737,0.1705286005867208,0.1308533260387551,0,0,down,0.0,low pressure,8,0,5,0,3,0,1,1,20557.717703349277,0.7636363636363637,84,214.54545454545456,0.0,0,0.0,0.8105263157894737,77,221.57894736842104,0.0,0,0.0,0.7333333333333333,55,210.0,0,0
36,252,280,0.9,0.9733333333333334,0.1705286005867208,0.1308533260387551,0,0,down,0.0,low pressure,13,0,6,0,2,0,1,1,21264.38755980861,0.9272727272727272,102,239.0909090909091,0.0,0,0.0,0.8105263157894737,77,221.57894736842104,0.0,0,0.0,0.9733333333333334,73,246.0,0,0
37,231,280,0.825,0.9272727272727272,0.1705286005867208,0.1308533260387551,0,0,down,0.0,low pressure,12,0,2,0,1,0,1,1,21936.21531100478,0.9272727272727272,102,239.0909090909091,0.0,0,0.0,0.631578947368421,60,194.73684210526315,0.0,0,0.0,0.92,69,238.0,0,0
38,131,280,0.46785714285714286,0.9,0.1705286005867208,0.1308533260387551,0,0,down,0.0,low pressure,10,0,1,0,1,0,1,1,22429.320574162673,0.9,99,235.0,0.0,0,0.0,0.14736842105263157,14,122.10526315789474,0.0,0,0.0,0.24,18,136.0,0,0
39,37,280,0.13214285714285715,0.21818181818181817,0.1705286005867208,0.1308533260387551,0,0,down,0.0,low pressure,6,0,2,0,1,0,1,1,22782.57416267942,0.21818181818181817,24,132.72727272727272,0.0,0,0.0,0.1368421052631579,13,120.52631578947368,0.0,0,0.0,0.0,0,100.0,0,0
40,121,280,0.43214285714285716,0.4631578947368421,0.288149405119956,0.22340505530527677,0,0,none,0.0,no offload,7,0,4,0,3,0,1,1,23275.50239234449,0.43636363636363634,48,165.45454545454544,0.0,0,0.0,0.4631578947368421,44,169.4736842105263,0.0,0,0.0,0.38666666666666666,29,158.0,0,0
41,198,280,0.7071428571428572,0.7733333333333333,0.288149405119956,0.22340505530527677,0,0,none,0.0,no offload,10,0,4,0,3,0,1,1,23896.1913875598,0.6909090909090909,76,203.63636363636363,0.0,0,0.0,0.6736842105263158,64,201.05263157894737,0.0,0,0.0,0.7733333333333333,58,216.0,0,0
42,168,280,0.6,0.7733333333333333,0.288149405119956,0.22340505530527677,0,0,none,0.0,no offload,11,0,4,0,1,0,1,1,24475.97129186602,0.41818181818181815,46,162.72727272727272,0.0,0,0.0,0.6736842105263158,64,201.05263157894737,0.0,0,0.0,0.7733333333333333,58,216.0,0,0
43,89,280,0.31785714285714284,0.41818181818181815,0.288149405119956,0.22340505530527677,0,0,none,0.0,no offload,9,0,2,0,1,0,1,1,24918.803827751188,0.41818181818181815,46,162.72727272727272,0.0,0,0.0,0.14736842105263157,14,122.10526315789474,0.0,0,0.0,0.38666666666666666,29,158.0,0,0
44,48,280,0.17142857142857143,0.21333333333333335,0.288149405119956,0.22340505530527677,0,0,none,0.0,no offload,8,0,2,0,1,0,1,1,25297.454545454537,0.16363636363636364,18,124.54545454545455,0.0,0,0.0,0.14736842105263157,14,122.10526315789474,0.0,0,0.0,0.21333333333333335,16,132.0,0,0
45,83,280,0.29642857142857143,0.4818181818181818,0.288149405119956,0.22340505530527677,0,0,none,0.0,no offload,7,0,1,0,1,0,1,1,25723.832535885158,0.4818181818181818,53,172.27272727272725,0.0,0,0.0,0.14736842105263157,14,122.10526315789474,0.0,0,0.0,0.21333333333333335,16,132.0,0,0
46,179,280,0.6392857142857142,0.7181818181818181,0.288149405119956,0.22340505530527677,0,0,none,0.0,no offload,6,0,3,0,3,0,1,1,26303.77033492822,0.7181818181818181,79,207.72727272727272,0.0,0,0.0,0.6947368421052632,66,204.21052631578948,0.0,0,0.0,0.4533333333333333,34,168.0,0,0
47,186,280,0.6642857142857143,0.7181818181818181,0.288149405119956,0.22340505530527677,0,0,none,0.0,no offload,7,0,3,0,1,0,1,1,26897.708133971282,0.7181818181818181,79,207.72727272727272,0.0,0,0.0,0.6947368421052632,66,204.21052631578948,0.0,0,0.0,0.5466666666666666,41,182.0,0,0
48,171,280,0.6107142857142858,0.6947368421052632,0.288149405119956,0.22340505530527677,0,0,none,0.0,no offload,8,0,2,0,1,0,1,1,27471.1913875598,0.5818181818181818,64,187.27272727272725,0.0,0,0.0,0.6947368421052632,66,204.21052631578948,0.0,0,0.0,0.5466666666666666,41,182.0,0,0
49,84,280,0.3,0.32727272727272727,0.288149405119956,0.22340505530527677,0,0,none,0.0,no offload,6,0,1,0,1,0,1,1,27905.755980861235,0.32727272727272727,36,149.0909090909091,0.0,0,0.0,0.2631578947368421,25,139.4736842105263,0.0,0,0.0,0.30666666666666664,23,146.0,0,0
50,114,280,0.40714285714285714,0.4909090909090909,0.32109088604439506,0.18999016456836887,0,0,none,0.0,no offload,8,2,4,2,3,2,1,1,28386.76076555023,0.4909090909090909,54,173.63636363636363,0.0,0,0.0,0.3157894736842105,30,147.36842105263156,0.0,0,0.0,0.4,30,160.0,90,81
51,205,280,0.7321428571428571,0.9,0.32109088604439506,0.18999016456836887,0,0,none,0.0,no offload,9,2,5,0,3,0,1,1,29005.97129186602,0.9,99,235.0,0.0,0,0.0,0.6947368421052632,66,204.21052631578948,0.0,0,0.0,0.5333333333333333,40,180.0,90,81
52,205,280,0.7321428571428571,0.9,0.32109088604439506,0.18999016456836887,0,0,none,0.0,no offload,9,2,0,0,0,0,1,1,29625.18181818181,0.9,99,235.0,0.0,0,0.0,0.6947368421052632,66,204.21052631578948,0.0,0,0.0,0.5333333333333333,40,180.0,90,81
53,153,280,0.5464285714285714,0.7363636363636363,0.32109088604439506,0.18999016456836887,0,0,none,0.0,no offload,5,0,0,0,0,0,1,1,30153.95215311004,0.7363636363636363,81,210.45454545454544,0.0,0,0.0,0.6421052631578947,61,196.31578947368422,0.0,0,0.0,0.14666666666666667,11,122.0,0,0
54,102,280,0.36428571428571427,0.6,0.32109088604439506,0.18999016456836887,0,0,none,0.0,no offload,3,0,3,0,3,0,1,1,30611.32057416267,0.6,66,190.0,0.0,0,0.0,0.11578947368421053,11,117.36842105263158,0.0,0,0.0,0.3333333333333333,25,150.0,0,0
55,145,280,0.5178571428571429,0.6,0.32109088604439506,0.18999016456836887,0,0,none,0.0,no offload,6,1,3,1,2,1,1,1,31137.004784688987,0.6,66,190.0,0.0,0,0.0,0.5578947368421052,53,183.68421052631578,0.0,0,0.0,0.3466666666666667,26,152.0,0,90
56,216,280,0.7714285714285715,0.9545454545454546,0.32109088604439506,0.18999016456836887,0,0,none,0.0,no offload,8,2,3,1,2,1,1,1,31779.87081339712,0.9545454545454546,105,243.1818181818182,0.0,0,0.0,0.5578947368421052,53,183.68421052631578,0.0,0,0.0,0.7733333333333333,58,216.0,90,90
57,178,280,0.6357142857142857,0.7733333333333333,0.32109088604439506,0.18999016456836887,0,0,none,0.0,no offload,9,4,3,2,2,2,1,1,32369.196172248794,0.6818181818181818,75,202.27272727272725,0.0,0,0.0,0.47368421052631576,45,171.05263157894737,0.0,0,0.0,0.7733333333333333,58,216.0,180,180
58,231,280,0.825,0.9789473684210527,0.32109088604439506,0.18999016456836887,0,0,none,0.0,no offload,9,3,2,0,2,0,1,1,33041.12918660286,0.7272727272727273,80,209.0909090909091,0.0,0,0.0,0.9789473684210527,93,246.8421052631579,0.0,0,0.0,0.7733333333333333,58,216.0,180,90
59,191,280,0.6821428571428572,0.9789473684210527,0.32109088604439506,0.18999016456836887,0,0,none,0.0,no offload,7,2,3,0,2,0,1,1,33648.97129186602,0.5,55,175.0,0.0,0,0.0,0.9789473684210527,93,246.8421052631579,0.0,0,0.0,0.5733333333333334,43,186.0,90,90
60,236,280,0.8428571428571429,0.9473684210526315,0.8639155006651436,0.23523579941878903,0,0,none,0.0,no offload,10,2,5,2,2,2,1,1,34320.076555023916,0.9,99,235.0,0.0,0,0.0,0.9473684210526315,90,242.10526315789474,0.0,0,0.0,0.6266666666666667,47,194.0,100,81
61,250,280,0.8928571428571429,0.9894736842105263,0.8639155006651436,0.23523579941878903,0,0,none,0.0,no offload,15,2,8,0,2,0,1,1,35020.67942583731,0.8545454545454545,94,228.1818181818182,0.0,0,0.0,0.9894736842105263,94,248.42105263157893,0.0,0,0.0,0.8266666666666667,62,224.0,100,81
62,266,280,0.95,0.9894736842105263,0.8639155006651436,0.23523579941878903,0,0,none,0.0,no offload,19,4,8,3,2,2,1,1,35746.28229665071,0.9545454545454546,105,243.1818181818182,0.0,0,0.0,0.9894736842105263,94,248.42105263157893,0.0,0,0.0,0.8933333333333333,67,234.0,28,192
63,269,280,0.9607142857142857,1.0,0.8639155006651436,0.23523579941878903,0,0,none,0.0,no offload,18,13,1,10,1,2,1,1,36481.06698564592,0.9090909090909091,100,236.36363636363635,0.0,0,0.0,0.9894736842105263,94,248.42105263157893,0.0,0,0.0,1.0,75,250.0,157,171
64,242,280,0.8642857142857143,0.9263157894736842,0.8639155006651436,0.23523579941878903,0,0,none,0.0,no offload,19,13,7,1,2,1,1,1,37164.37799043061,0.9090909090909091,100,236.36363636363635,0.0,0,0.0,0.9263157894736842,88,238.94736842105263,0.0,0,0.0,0.72,54,208.0,208,71
65,265,280,0.9464285714285714,1.0,0.8639155006651436,0.23523579941878903,0,0,none,0.0,no offload,16,10,7,1,2,1,1,1,37888.16746411482,1.0,110,250.0,0.0,0,0.0,0.9052631578947369,86,235.78947368421052,0.0,0,0.0,0.92,69,238.0,80,116
66,272,280,0.9714285714285714,0.990909090909091,0.8639155006651436,0.23523579941878903,0,0,none,0.0,no offload,18,12,5,8,2,2,1,1,38624.90909090908,0.990909090909091,109,248.63636363636365,0.0,0,0.0,0.9473684210526315,90,242.10526315789474,0.0,0,0.0,0.9733333333333334,73,246.0,211,178
67,225,280,0.8035714285714286,0.990909090909091,0.8639155006651436,0.23523579941878903,0,0,none,0.0,no offload,19,12,6,3,2,2,1,1,39279.01913875597,0.990909090909091,109,248.63636363636365,0.0,0,0.0,0.6631578947368421,63,199.4736842105263,0.0,0,0.0,0.7066666666666667,53,206.0,325,277
68,208,280,0.7428571428571429,0.84,0.8639155006651436,0.23523579941878903,0,0,none,0.0,no offload,20,12,9,3,3,2,1,1,39917.172248803814,0.7090909090909091,78,206.36363636363637,0.0,0,0.0,0.7052631578947368,67,205.78947368421052,0.0,0,0.0,0.84,63,226.0,391,326
69,234,280,0.8357142857142857,0.8947368421052632,0.8639155006651436,0.23523579941878903,0,0,none,0.0,no offload,23,8,7,4,3,2,1,1,40592.74641148324,0.8090909090909091,89,221.36363636363637,0.0,0,0.0,0.8947368421052632,85,234.21052631578948,0.0,0,0.0,0.8,60,220.0,271,346
70,238,280,0.85,0.8842105263157894,0.9458593207202171,0.2095855955779621,0,0,none,0.0,no offload,23,10,7,3,2,2,1,1,41276.741626794246,0.8090909090909091,89,221.36363636363637,0.0,0,0.0,0.8842105263157894,84,232.6315789473684,0.0,0,0.0,0.8666666666666667,65,230.0,352,412
71,237,280,0.8464285714285714,0.8666666666666667,0.9458593207202171,0.2095855955779621,0,0,none,0.0,no offload,20,7,4,2,1,2,1,1,41958.08133971291,0.8545454545454545,94,228.1818181818182,0.0,0,0.0,0.8210526315789474,78,223.1578947368421,0.0,0,0.0,0.8666666666666667,65,230.0,306,252
72,267,280,0.9535714285714286,1.0,0.9458593207202171,0.2095855955779621,0,0,none,0.0,no offload,19,8,8,3,3,2,1,1,42686.291866028696,1.0,110,250.0,0.0,0,0.0,0.8947368421052632,85,234.21052631578948,0.0,0,0.0,0.96,72,244.0,285,304
73,269,280,0.9607142857142857,1.0,0.9458593207202171,0.2095855955779621,0,0,none,0.0,no offload,16,13,3,10,2,2,1,1,43418.92344497606,1.0,110,250.0,0.0,0,0.0,0.8842105263157894,84,232.6315789473684,0.0,0,0.0,1.0,75,250.0,292,409
74,268,280,0.9571428571428572,1.0,0.9458593207202171,0.2095855955779621,0,0,none,0.0,no offload,22,13,10,1,1,1,1,1,44149.97607655501,1.0,110,250.0,0.0,0,0.0,0.8736842105263158,83,231.05263157894737,0.0,0,0.0,1.0,75,250.0,382,309
75,196,280,0.7,0.76,0.9458593207202171,0.2095855955779621,0,0,none,0.0,no offload,19,7,5,2,1,2,1,1,44766.22488038276,0.7272727272727273,80,209.0909090909091,0.0,0,0.0,0.6210526315789474,59,193.1578947368421,0.0,0,0.0,0.76,57,214.0,270,91
76,160,280,0.5714285714285714,0.6,0.9458593207202171,0.2095855955779621,0,0,none,0.0,no offload,19,4,6,0,2,0,1,1,45321.909090909074,0.6,66,190.0,0.0,0,0.0,0.5578947368421052,53,183.68421052631578,0.0,0,0.0,0.5466666666666666,41,182.0,141,91
77,241,280,0.8607142857142858,0.8636363636363636,0.9458593207202171,0.2095855955779621,0,0,none,0.0,no offload,20,4,7,2,3,2,1,1,46008.928229665056,0.8636363636363636,95,229.54545454545456,0.0,0,0.0,0.8631578947368421,82,229.47368421052633,0.0,0,0.0,0.8533333333333334,64,228.0,90,180
78,243,280,0.8678571428571429,0.8818181818181818,0.9458593207202171,0.2095855955779621,0,0,none,0.0,no offload,16,8,3,6,2,2,1,1,46698.67464114831,0.8818181818181818,97,232.27272727272728,0.0,0,0.0,0.8631578947368421,82,229.47368421052633,0.0,0,0.0,0.8533333333333334,64,228.0,107,376
79,216,280,0.7714285714285715,0.8090909090909091,0.9458593207202171,0.2095855955779621,0,0,none,0.0,no offload,17,9,7,1,3,1,1,1,47342.45933014352,0.8090909090909091,89,221.36363636363637,0.0,0,0.0,0.7894736842105263,75,218.42105263157896,0.0,0,0.0,0.6933333333333334,52,204.0,107,427
80,240,280,0.8571428571428571,0.9052631578947369,0.896531973848063,0.22650726737345206,0,0,up,0.0,no offload,21,6,12,3,3,2,2,1,48025.794258373186,0.8636363636363636,95,229.54545454545456,0.0,0,0.0,0.9052631578947369,86,235.78947368421052,0.0,0,0.0,0.7866666666666666,59,218.0,117,135
81,310,330,0.9393939393939394,0.9894736842105263,0.896531973848063,0.22650726737345206,0,0,up,0.0,no offload,26,7,8,3,4,2,2,1,48985.03349282295,0.9454545454545454,104,241.8181818181818,0.9,45,235.0,0.9894736842105263,94,248.42105263157893,0.0,0,0.0,0.8933333333333333,67,234.0,199,168
82,315,330,0.9545454545454546,0.9866666666666667,0.896531973848063,0.22650726737345206,0,0,up,0.0,no offload,28,9,8,3,3,2,2,1,49954.6842105263,0.9636363636363636,106,244.54545454545453,0.9,45,235.0,0.9473684210526315,90,242.10526315789474,0.0,0,0.0,0.9866666666666667,74,248.0,242,168
83,218,330,0.6606060606060606,0.9066666666666666,0.896531973848063,0.22650726737345206,0,0,up,0.0,no offload,21,6,5,1,3,1,2,1,50744.49282296649,0.6636363636363637,73,199.54545454545456,0.46,23,169.0,0.5684210526315789,54,185.26315789473682,0.0,0,0.0,0.9066666666666666,68,236.0,43,231
84,262,330,0.793939393939394,0.8909090909090909,0.896531973848063,0.22650726737345206,0,0,up,0.0,no offload,21,4,6,1,3,1,2,1,51614.49760765548,0.8909090909090909,98,233.63636363636363,0.74,37,211.0,0.7157894736842105,68,207.36842105263156,0.0,0,0.0,0.7866666666666666,59,218.0,108,132
85,289,330,0.8757575757575757,0.9733333333333334,0.896531973848063,0.22650726737345206,0,0,up,0.0,no offload,20,4,8,2,3,2,2,1,52532.68421052629,0.8454545454545455,93,226.8181818181818,0.72,36,208.0,0.9157894736842105,87,237.36842105263156,0.0,0,0.0,0.9733333333333334,73,246.0,156,181
86,290,330,0.8787878787878788,0.9733333333333334,0.896531973848063,0.22650726737345206,0,0,up,0.0,no offload,21,5,9,2,3,2,2,1,53455.42105263155,0.9,99,235.0,0.78,39,217.0,0.8315789473684211,79,224.73684210526318,0.0,0,0.0,0.9733333333333334,73,246.0,246,200
87,256,330,0.7757575757575758,0.9733333333333334,0.896531973848063,0.22650726737345206,0,0,up,0.0,no offload,21,3,4,0,2,0,2,1,54313.79425837318,0.6909090909090909,76,203.63636363636363,0.56,28,184.0,0.8315789473684211,79,224.73684210526318,0.0,0,0.0,0.9733333333333334,73,246.0,156,100
88,142,330,0.4303030303030303,0.6909090909090909,0.896531973848063,0.22650726737345206,0,0,up,0.0,no offload,19,3,5,2,1,2,2,1,54968.167464114806,0.6909090909090909,76,203.63636363636363,0.56,28,184.0,0.23157894736842105,22,134.73684210526315,0.0,0,0.0,0.21333333333333335,16,132.0,171,81
89,291,330,0.8818181818181818,0.9818181818181818,0.896531973848063,0.22650726737345206,0,0,up,0.0,no offload,19,4,10,2,4,2,2,1,55890.54545454543,0.9818181818181818,108,247.27272727272728,0.94,47,241.0,0.9473684210526315,90,242.10526315789474,0.0,0,0.0,0.6133333333333333,46,192.0,201,201
90,315,330,0.9545454545454546,0.9818181818181818,1.1437755879939147,0.2747862027880452,0,0,none,0.2727272727272728,no offload | SAFETY pressure=0.95,22,7,7,3,3,2,2,1,56861.92344497605,0.9818181818181818,108,247.27272727272728,0.96,48,244.0,0.9473684210526315,90,242.10526315789474,0.0,0,0.0,0.92,69,238.0,226,270
91,301,330,0.9121212121212121,0.9818181818181818,1.1437755879939147,0.2747862027880452,0,0,none,0.2727272727272728,no offload | SAFETY pressure=0.95,21,9,4,6,2,2,2,1,57798.30143540667,0.9818181818181818,108,247.27272727272728,0.82,41,223.0,0.9473684210526315,90,242.10526315789474,0.0,0,0.0,0.8266666666666667,62,224.0,270,170
92,203,330,0.6151515151515151,0.82,1.1437755879939147,0.2747862027880452,0,0,none,0.2727272727272728,no offload | SAFETY pressure=0.95,15,8,3,0,2,0,2,1,58572.066985645906,0.7454545454545455,82,211.8181818181818,0.82,41,223.0,0.5263157894736842,50,178.94736842105263,0.0,0,0.0,0.4,30,160.0,245,170
93,274,330,0.8303030303030303,0.9272727272727272,1.1437755879939147,0.2747862027880452,0,0,none,0.2727272727272728,no offload | SAFETY pressure=0.95,17,4,9,3,4,2,2,1,59456.89473684208,0.9272727272727272,102,239.0909090909091,0.7,35,205.0,0.8315789473684211,79,224.73684210526318,0.0,0,0.0,0.7733333333333333,58,216.0,79,102
94,250,330,0.7575757575757576,0.9272727272727272,1.1437755879939147,0.2747862027880452,0,0,none,0.2727272727272728,no offload | SAFETY pressure=0.95,20,4,8,1,2,1,2,1,60297.459330143516,0.9272727272727272,102,239.0909090909091,0.64,32,196.0,0.6631578947368421,63,199.4736842105263,0.0,0,0.0,0.7066666666666667,53,206.0,79,141
95,259,330,0.7848484848484848,0.9272727272727272,1.1437755879939147,0.2747862027880452,0,0,none,0.2727272727272728,no offload | SAFETY pressure=0.95,19,6,2,2,2,2,2,1,61151.39234449758,0.9272727272727272,102,239.0909090909091,0.64,32,196.0,0.7789473684210526,74,216.8421052631579,0.0,0,0.0,0.68,51,202.0,130,180
96,195,330,0.5909090909090909,0.6526315789473685,1.1437755879939147,0.2747862027880452,0,0,none,0.2727272727272728,no offload | SAFETY pressure=0.95,15,4,6,1,3,1,2,1,61900.28708133969,0.6,66,190.0,0.54,27,181.0,0.6526315789473685,62,197.89473684210526,0.0,0,0.0,0.5333333333333333,40,180.0,117,129
97,225,330,0.6818181818181818,0.76,1.1437755879939147,0.2747862027880452,0,0,none,0.2727272727272728,no offload | SAFETY pressure=0.95,17,6,6,3,4,2,2,1,62713.631578947345,0.6454545454545455,71,196.8181818181818,0.76,38,214.0,0.7368421052631579,70,210.5263157894737,0.0,0,0.0,0.6133333333333333,46,192.0,198,210
98,220,330,0.6666666666666666,0.72,1.1437755879939147,0.2747862027880452,0,0,none,0.2727272727272728,no offload | SAFETY pressure=0.95,18,5,6,1,2,1,2,1,63514.94736842103,0.7,77,205.0,0.72,36,208.0,0.6421052631578947,61,196.31578947368422,0.0,0,0.0,0.6133333333333333,46,192.0,247,171
99,231,330,0.7,0.8947368421052632,1.1437755879939147,0.2747862027880452,0,0,none,0.2727272727272728,no offload | SAFETY pressure=0.95,17,5,6,2,3,2,2,1,64319.15789473682,0.7,77,205.0,0.54,27,181.0,0.8947368421052632,85,234.21052631578948,0.0,0,0.0,0.56,42,184.0,301,151
100,245,330,0.7424242424242424,0.8454545454545455,0.8003079282584409,0.20264380995690517,0,0,none,0.0,no offload,18,3,7,1,3,1,2,1,65150.923444976055,0.8454545454545455,93,226.8181818181818,0.6,30,190.0,0.7263157894736842,69,208.94736842105263,0.0,0,0.0,0.7066666666666667,53,206.0,120,200
101,295,330,0.8939393939393939,0.968421052631579,0.8003079282584409,0.20264380995690517,0,0,none,0.0,no offload,20,5,7,4,4,2,2,1,66075.45933014352,0.8818181818181818,97,232.27272727272728,0.7,35,205.0,0.968421052631579,92,245.26315789473685,0.0,0,0.0,0.9466666666666667,71,242.0,240,220
102,240,330,0.7272727272727273,0.8090909090909091,0.8003079282584409,0.20264380995690517,0,0,none,0.0,no offload,19,5,7,1,3,1,2,1,66905.980861244,0.8090909090909091,89,221.36363636363637,0.64,32,196.0,0.6210526315789474,59,193.1578947368421,0.0,0,0.0,0.8,60,220.0,321,120
103,251,330,0.7606060606060606,0.8545454545454545,0.8003079282584409,0.20264380995690517,0,0,none,0.0,no offload,18,5,7,2,4,2,2,1,67747.74162679423,0.8545454545454545,94,228.1818181818182,0.64,32,196.0,0.8105263157894737,77,221.57894736842104,0.0,0,0.0,0.64,48,196.0,181,201
104,208,330,0.6303030303030303,0.8105263157894737,0.8003079282584409,0.20264380995690517,0,0,none,0.0,no offload,18,3,3,0,1,0,2,1,68514.41148325356,0.6272727272727273,69,194.0909090909091,0.54,27,181.0,0.8105263157894737,77,221.57894736842104,0.0,0,0.0,0.4666666666666667,35,170.0,181,81
105,204,330,0.6181818181818182,0.8842105263157894,0.8003079282584409,0.20264380995690517,0,0,none,0.0,no offload,15,1,6,0,3,0,2,1,69277.58851674639,0.4636363636363636,51,169.54545454545456,0.46,23,169.0,0.8842105263157894,84,232.6315789473684,0.0,0,0.0,0.6133333333333333,46,192.0,0,81
106,215,330,0.6515151515151515,0.74,0.8003079282584409,0.20264380995690517,0,0,none,0.0,no offload,17,3,7,3,2,2,2,1,70072.88995215308,0.6272727272727273,69,194.0909090909091,0.74,37,211.0,0.6947368421052632,66,204.21052631578948,0.0,0,0.0,0.5733333333333334,43,186.0,51,186
107,262,330,0.793939393939394,0.8842105263157894,0.8003079282584409,0.20264380995690517,0,0,none,0.0,no offload,19,4,5,1,3,1,2,1,70947.61244019135,0.7272727272727273,80,209.0909090909091,0.74,37,211.0,0.8842105263157894,84,232.6315789473684,0.0,0,0.0,0.8133333333333334,61,222.0,171,186
108,163,330,0.49393939393939396,0.64,0.8003079282584409,0.20264380995690517,0,0,none,0.0,no offload,17,6,4,3,1,2,2,1,71640.34928229662,0.5,55,175.0,0.38,19,157.0,0.43157894736842106,41,164.73684210526318,0.0,0,0.0,0.64,48,196.0,291,228
109,103,330,0.31212121212121213,0.43157894736842106,0.8003079282584409,0.20264380995690517,0,0,none,0.0,no offload,14,4,5,1,2,1,2,1,72219.99521531098,0.2727272727272727,30,140.9090909090909,0.2,10,130.0,0.43157894736842106,41,164.73684210526318,0.0,0,0.0,0.29333333333333333,22,144.0,220,162
110,160,330,0.48484848484848486,0.6181818181818182,0.40779967346676926,0.190152746073309,0,0,none,0.0,no offload,17,6,8,3,4,2,2,1,72895.7751196172,0.6181818181818182,68,192.72727272727272,0.36,18,154.0,0.47368421052631576,45,171.05263157894737,0.0,0,0.0,0.38666666666666666,29,158.0,166,382
111,217,330,0.6575757575757576,0.74,0.40779967346676926,0.190152746073309,0,0,none,0.0,no offload,21,3,6,0,3,0,2,1,73699.0813397129,0.6181818181818182,68,192.72727272727272,0.74,37,211.0,0.6105263157894737,58,191.57894736842104,0.0,0,0.0,0.72,54,208.0,66,220
112,216,330,0.6545454545454545,0.72,0.40779967346676926,0.190152746073309,0,0,none,0.0,no offload,18,2,5,1,1,1,2,1,74485.86602870811,0.7090909090909091,78,206.36363636363637,0.56,28,184.0,0.5894736842105263,56,188.42105263157896,0.0,0,0.0,0.72,54,208.0,132,0
113,278,330,0.8424242424242424,0.8947368421052632,0.40779967346676926,0.190152746073309,0,0,none,0.0,no offload,19,1,8,0,4,0,2,1,75380.98564593299,0.8727272727272727,96,230.9090909090909,0.72,36,208.0,0.8947368421052632,85,234.21052631578948,0.0,0,0.0,0.8133333333333334,61,222.0,66,0
114,280,330,0.8484848484848485,0.94,0.40779967346676926,0.190152746073309,0,0,none,0.0,no offload,18,2,3,1,2,1,2,1,76294.4736842105,0.8727272727272727,96,230.9090909090909,0.94,47,241.0,0.8105263157894737,77,221.57894736842104,0.0,0,0.0,0.8,60,220.0,66,90
115,286,330,0.8666666666666667,0.92,0.40779967346676926,0.190152746073309,0,0,none,0.0,no offload,18,7,7,6,3,2,2,1,77218.11961722486,0.8727272727272727,96,230.9090909090909,0.92,46,238.0,0.8315789473684211,79,224.73684210526318,0.0,0,0.0,0.8666666666666667,65,230.0,261,338
116,205,330,0.6212121212121212,0.7157894736842105,0.40779967346676926,0.190152746073309,0,0,none,0.0,no offload,13,7,4,0,2,0,2,1,77978.85167464113,0.7090909090909091,78,206.36363636363637,0.58,29,187.0,0.7157894736842105,68,207.36842105263156,0.0,0,0.0,0.4,30,160.0,261,338
117,293,330,0.8878787878787879,0.9789473684210527,0.40779967346676926,0.190152746073309,0,0,none,0.0,no offload,19,4,8,1,4,1,2,1,78892.60287081338,0.9727272727272728,107,245.9090909090909,0.7,35,205.0,0.9789473684210527,93,246.8421052631579,0.0,0,0.0,0.7733333333333333,58,216.0,207,28
118,209,330,0.6333333333333333,0.7,0.40779967346676926,0.190152746073309,0,0,none,0.0,no offload,16,1,5,0,2,0,2,1,79673.6889952153,0.6363636363636364,70,195.45454545454544,0.7,35,205.0,0.6842105263157895,65,202.63157894736844,0.0,0,0.0,0.52,39,178.0,66,0
119,290,330,0.8787878787878788,0.9454545454545454,0.40779967346676926,0.190152746073309,0,0,none,0.0,no offload,25,4,12,3,4,2,2,1,80594.40191387558,0.9454545454545454,104,241.8181818181818,0.82,41,223.0,0.8526315789473684,81,227.89473684210526,0.0,0,0.0,0.8533333333333334,64,228.0,147,171
120,238,330,0.7212121212121212,0.94,0.8252767923450932,0.21262247705693876,0,0,none,0.0,no offload,20,7,2,4,1,2,2,1,81435.990430622,0.6818181818181818,75,202.27272727272725,0.94,47,241.0,0.8421052631578947,80,226.31578947368422,0.0,0,0.0,0.48,36,172.0,232,342
121,267,330,0.8090909090909091,0.92,0.8252767923450932,0.21262247705693876,0,0,none,0.0,no offload,19,8,7,2,3,2,2,1,82323.76076555022,0.8363636363636363,92,225.45454545454544,0.92,46,238.0,0.8421052631578947,80,226.31578947368422,0.0,0,0.0,0.6533333333333333,49,198.0,283,303
122,290,330,0.8787878787878788,0.990909090909091,0.8252767923450932,0.21262247705693876,0,0,none,0.0,no offload,15,6,5,1,3,1,2,1,83241.71291866027,0.990909090909091,109,248.63636363636365,0.82,41,223.0,0.8421052631578947,80,226.31578947368422,0.0,0,0.0,0.8,60,220.0,141,252
123,259,330,0.7848484848484848,0.990909090909091,0.8252767923450932,0.21262247705693876,0,0,none,0.0,no offload,20,5,8,2,2,2,2,1,84086.55980861242,0.990909090909091,109,248.63636363636365,0.48,24,172.0,0.6947368421052632,66,204.21052631578948,0.0,0,0.0,0.8,60,220.0,190,162
124,207,330,0.6272727272727273,0.7181818181818181,0.8252767923450932,0.21262247705693876,0,0,none,0.0,no offload,21,7,8,4,4,2,2,1,84852.3923444976,0.7181818181818181,79,207.72727272727272,0.48,24,172.0,0.5473684210526316,52,182.10526315789474,0.0,0,0.0,0.6933333333333334,52,204.0,329,237
125,256,330,0.7757575757575758,0.9052631578947369,0.8252767923450932,0.21262247705693876,0,0,none,0.0,no offload,19,8,3,3,3,2,2,1,85701.90909090907,0.7181818181818181,79,207.72727272727272,0.48,24,172.0,0.9052631578947369,86,235.78947368421052,0.0,0,0.0,0.8933333333333333,67,234.0,229,354
126,292,330,0.8848484848484849,0.9789473684210527,0.8252767923450932,0.21262247705693876,0,0,none,0.0,no offload,17,7,4,1,3,1,2,1,86631.4784688995,0.8181818181818182,90,222.72727272727275,0.84,42,226.0,0.9789473684210527,93,246.8421052631579,0.0,0,0.0,0.8933333333333333,67,234.0,195,273
127,260,330,0.7878787878787878,0.9466666666666667,0.8252767923450932,0.21262247705693876,0,0,none,0.0,no offload,18,4,10,0,3,0,2,1,87511.30143540667,0.7363636363636363,81,210.45454545454544,0.8,40,220.0,0.7157894736842105,68,207.36842105263156,0.0,0,0.0,0.9466666666666667,71,242.0,105,117
128,245,330,0.7424242424242424,0.7894736842105263,0.8252767923450932,0.21262247705693876,0,0,none,0.0,no offload,21,4,7,3,3,2,2,1,88356.54066985643,0.7454545454545455,82,211.8181818181818,0.78,39,217.0,0.7894736842105263,75,218.42105263157896,0.0,0,0.0,0.6533333333333333,49,198.0,156,220
129,163,330,0.49393939393939396,0.6,0.8252767923450932,0.21262247705693876,0,0,none,0.0,no offload,23,6,8,3,3,2,2,1,89047.08612440189,0.4636363636363636,51,169.54545454545456,0.42,21,163.0,0.6,57,190.0,0.0,0,0.0,0.4533333333333333,34,168.0,246,340
130,254,330,0.7696969696969697,0.8909090909090909,0.73988464946504,0.20409250901916687,0,0,none,0.0,no offload,27,5,12,1,4,1,2,1,89886.7751196172,0.8909090909090909,98,233.63636363636363,0.58,29,187.0,0.8736842105263158,83,231.05263157894737,0.0,0,0.0,0.5866666666666667,44,188.0,246,210
131,297,330,0.9,0.9818181818181818,0.73988464946504,0.20409250901916687,0,0,none,0.0,no offload,26,6,5,3,4,2,2,1,90821.36363636362,0.9818181818181818,108,247.27272727272728,0.86,43,229.0,0.8421052631578947,80,226.31578947368422,0.0,0,0.0,0.88,66,232.0,301,210
132,307,330,0.9303030303030303,0.9636363636363636,0.73988464946504,0.20409250901916687,0,0,none,0.0,no offload,26,7,8,3,4,2,2,1,91774.85645933013,0.9636363636363636,106,244.54545454545453,0.88,44,232.0,0.9263157894736842,88,238.94736842105263,0.0,0,0.0,0.92,69,238.0,196,318
133,266,330,0.806060606060606,0.9894736842105263,0.73988464946504,0.20409250901916687,0,0,none,0.0,no offload,22,3,6,0,3,0,2,1,92647.1866028708,0.7727272727272727,85,215.9090909090909,0.68,34,202.0,0.9894736842105263,94,248.42105263157893,0.0,0,0.0,0.7066666666666667,53,206.0,51,108
134,201,330,0.6090909090909091,0.8,0.73988464946504,0.20409250901916687,0,0,none,0.0,no offload,17,4,3,1,3,1,2,1,93393.00478468898,0.6454545454545455,71,196.8181818181818,0.42,21,163.0,0.8,76,220.0,0.0,0,0.0,0.44,33,166.0,171,108
135,127,330,0.38484848484848483,0.45263157894736844,0.73988464946504,0.20409250901916687,0,0,none,0.0,no offload,13,4,4,3,3,2,2,1,94018.53588516745,0.39090909090909093,43,158.63636363636363,0.34,17,151.0,0.45263157894736844,43,167.89473684210526,0.0,0,0.0,0.32,24,148.0,201,162
136,205,330,0.6212121212121212,0.7894736842105263,0.73988464946504,0.20409250901916687,0,0,none,0.0,no offload,17,3,11,0,4,0,2,1,94781.5933014354,0.5909090909090909,65,188.63636363636363,0.52,26,178.0,0.7894736842105263,75,218.42105263157896,0.0,0,0.0,0.52,39,178.0,81,162
137,280,330,0.8484848484848485,0.9866666666666667,0.73988464946504,0.20409250901916687,0,0,none,0.0,no offload,25,4,10,1,4,1,2,1,95685.77511961722,0.8545454545454545,94,228.1818181818182,0.72,36,208.0,0.8,76,220.0,0.0,0,0.0,0.9866666666666667,74,248.0,147,162
138,307,330,0.9303030303030303,0.9894736842105263,0.73988464946504,0.20409250901916687,0,0,none,0.0,no offload,27,2,6,1,3,1,2,1,96637.2870813397,0.9272727272727272,102,239.0909090909091,0.84,42,226.0,0.9894736842105263,94,248.42105263157893,0.0,0,0.0,0.92,69,238.0,66,25
139,237,330,0.7181818181818181,0.8,0.73988464946504,0.20409250901916687,0,0,none,0.0,no offload,24,4,7,2,2,2,2,1,97456.81339712918,0.8,88,220.0,0.62,31,193.0,0.7368421052631579,70,210.5263157894737,0.0,0,0.0,0.64,48,196.0,186,145
140,259,330,0.7848484848484848,0.9545454545454546,0.7865836242751172,0.23689055665775377,0,0,up,0.0,no offload,21,3,6,1,3,1,3,1,98312.52153110047,0.9545454545454546,105,243.1818181818182,0.68,34,202.0,0.7368421052631579,70,210.5263157894737,0.0,0,0.0,0.6666666666666666,50,200.0,201,120
141,260,415,0.6265060240963856,0.8818181818181818,0.7865836242751172,0.23689055665775377,0,0,up,0.0,no offload,18,2,5,1,2,1,3,1,99263.14410357444,0.8818181818181818,97,232.27272727272728,0.46,23,169.0,0.5368421052631579,51,180.5263157894737,0.4588235294117647,39,168.8235294117647,0.6666666666666666,50,200.0,81,90
142,241,415,0.5807228915662651,0.9157894736842105,0.7865836242751172,0.23689055665775377,0,0,up,0.0,no offload,17,7,7,5,3,2,3,1,100188.60878131156,0.4818181818181818,53,172.27272727272725,0.46,23,169.0,0.9157894736842105,87,237.36842105263156,0.4588235294117647,39,168.8235294117647,0.52,39,178.0,367,237
143,350,415,0.8433734939759037,0.990909090909091,0.7865836242751172,0.23689055665775377,0,0,up,0.0,no offload,19,9,6,3,3,2,3,1,101301.26062482408,0.990909090909091,109,248.63636363636365,0.74,37,211.0,0.9157894736842105,87,237.36842105263156,0.9176470588235294,78,237.6470588235294,0.52,39,178.0,352,457
144,398,415,0.9590361445783132,1.0,0.7865836242751172,0.23689055665775377,0,0,up,0.0,no offload,21,7,7,1,3,1,3,1,102515.73599774837,0.990909090909091,109,248.63636363636365,0.88,44,232.0,0.9157894736842105,87,237.36842105263156,0.9764705882352941,83,246.47058823529412,1.0,75,250.0,150,367
145,300,415,0.7228915662650602,0.9647058823529412,0.7865836242751172,0.23689055665775377,0,0,up,0.0,no offload,19,3,6,1,2,1,3,1,103530.10216718266,0.9454545454545454,104,241.8181818181818,0.46,23,169.0,0.5789473684210527,55,186.84210526315792,0.9647058823529412,82,244.7058823529412,0.48,36,172.0,84,51
146,275,415,0.6626506024096386,0.7454545454545455,0.7865836242751172,0.23689055665775377,0,0,up,0.0,no offload,20,5,8,3,4,2,3,1,104514.40951308754,0.7454545454545455,82,211.8181818181818,0.48,24,172.0,0.5789473684210527,55,186.84210526315792,0.7176470588235294,61,207.6470588235294,0.7066666666666667,53,206.0,204,132
147,292,415,0.7036144578313253,0.7684210526315789,0.7865836242751172,0.23689055665775377,0,0,up,0.0,no offload,20,4,6,0,4,0,3,1,105531.77427526035,0.7363636363636363,81,210.45454545454544,0.6,30,190.0,0.7684210526315789,73,215.26315789473682,0.7176470588235294,61,207.6470588235294,0.6266666666666667,47,194.0,186,132
148,352,415,0.8481927710843373,0.9733333333333334,0.7865836242751172,0.23689055665775377,0,0,up,0.0,no offload,24,3,11,1,5,1,3,1,106659.4528567408,0.9636363636363636,106,244.54545454545453,0.72,36,208.0,0.7157894736842105,68,207.36842105263156,0.8117647058823529,69,221.76470588235293,0.9733333333333334,73,246.0,66,181
149,356,415,0.8578313253012049,0.9789473684210527,0.7865836242751172,0.23689055665775377,0,0,up,0.0,no offload,26,4,7,3,4,2,3,1,107792.19870531946,0.8181818181818182,90,222.72727272727275,0.72,36,208.0,0.9789473684210527,93,246.8421052631579,0.9411764705882353,80,241.1764705882353,0.76,57,214.0,141,166
150,276,415,0.6650602409638554,0.7578947368421053,0.6984122461406486,0.20195370332971474,0,0,none,0.0,no offload,21,4,6,1,2,1,3,1,108783.93104418802,0.5909090909090909,65,188.63636363636363,0.52,26,178.0,0.7578947368421053,72,213.68421052631578,0.7294117647058823,62,209.41176470588235,0.68,51,202.0,141,166
151,232,415,0.5590361445783133,0.6842105263157895,0.6984122461406486,0.20195370332971474,0,0,none,0.0,no offload,21,5,8,1,5,1,3,1,109689.61075147764,0.5909090909090909,65,188.63636363636363,0.42,21,163.0,0.6842105263157895,65,202.63157894736844,0.5294117647058824,45,179.41176470588235,0.48,36,172.0,241,166
152,309,415,0.744578313253012,0.84,0.6984122461406486,0.20195370332971474,0,0,none,0.0,no offload,27,2,12,1,5,1,3,1,110754.70644525754,0.7181818181818181,79,207.72727272727272,0.84,42,226.0,0.7157894736842105,68,207.36842105263156,0.8,68,220.0,0.6933333333333334,52,204.0,100,66
153,314,415,0.7566265060240964,0.8105263157894737,0.6984122461406486,0.20195370332971474,0,0,none,0.0,no offload,28,4,8,3,3,2,3,1,111820.37630171687,0.7272727272727273,80,209.0909090909091,0.74,37,211.0,0.8105263157894737,77,221.57894736842104,0.8,68,220.0,0.6933333333333334,52,204.0,105,147
154,336,415,0.8096385542168675,0.8933333333333333,0.6984122461406486,0.20195370332971474,0,0,none,0.0,no offload,27,7,10,3,5,2,3,1,112929.79313256404,0.7727272727272727,85,215.9090909090909,0.78,39,217.0,0.7578947368421053,72,213.68421052631578,0.8588235294117647,73,228.8235294117647,0.8933333333333333,67,234.0,171,249
155,323,415,0.7783132530120482,0.8727272727272727,0.6984122461406486,0.20195370332971474,0,0,none,0.0,no offload,23,7,5,1,4,1,3,1,114006.41429777653,0.8727272727272727,96,230.9090909090909,0.74,37,211.0,0.7263157894736842,69,208.94736842105263,0.8117647058823529,69,221.76470588235293,0.6933333333333334,52,204.0,291,183
156,325,415,0.7831325301204819,0.9272727272727272,0.6984122461406486,0.20195370332971474,0,0,none,0.0,no offload,23,7,8,3,3,2,3,1,115078.32254432874,0.9272727272727272,102,239.0909090909091,0.6,30,190.0,0.6736842105263158,64,201.05263157894737,0.8117647058823529,69,221.76470588235293,0.8,60,220.0,286,303
157,244,415,0.5879518072289157,0.8727272727272727,0.6984122461406486,0.20195370332971474,0,0,none,0.0,no offload,23,5,11,2,2,2,3,1,116000.43906557838,0.8727272727272727,96,230.9090909090909,0.48,24,172.0,0.43157894736842106,41,164.73684210526318,0.5764705882352941,49,186.47058823529412,0.4533333333333333,34,168.0,220,301
158,279,415,0.672289156626506,0.8727272727272727,0.6984122461406486,0.20195370332971474,0,0,none,0.0,no offload,31,4,10,1,4,1,3,1,116982.34506051223,0.8727272727272727,96,230.9090909090909,0.52,26,178.0,0.7368421052631579,70,210.5263157894737,0.5764705882352941,49,186.47058823529412,0.5066666666666667,38,176.0,240,181
159,276,415,0.6650602409638554,0.7789473684210526,0.6984122461406486,0.20195370332971474,0,0,none,0.0,no offload,30,6,9,5,4,2,3,1,117964.74866310159,0.7272727272727273,80,209.0909090909091,0.48,24,172.0,0.7789473684210526,74,216.8421052631579,0.5764705882352941,49,186.47058823529412,0.6533333333333333,49,198.0,360,276
160,264,415,0.636144578313253,0.7272727272727273,0.6712147043261893,0.1820020534650073,0,0,none,0.0,no offload,28,7,8,2,2,2,3,1,118932.41851956092,0.7272727272727273,80,209.0909090909091,0.54,27,181.0,0.6105263157894737,58,191.57894736842104,0.6,51,190.0,0.64,48,196.0,360,376
161,264,415,0.636144578313253,0.7727272727272727,0.6712147043261893,0.1820020534650073,0,0,none,0.0,no offload,23,8,6,4,3,2,3,1,119904.66816774555,0.7727272727272727,85,215.9090909090909,0.64,32,196.0,0.5473684210526316,52,182.10526315789474,0.5882352941176471,50,188.23529411764707,0.6,45,190.0,340,427
162,194,415,0.4674698795180723,0.6272727272727273,0.6712147043261893,0.1820020534650073,0,0,none,0.0,no offload,20,4,5,0,2,0,3,1,120755.46805516463,0.6272727272727273,69,194.0909090909091,0.58,29,187.0,0.2631578947368421,25,139.4736842105263,0.5882352941176471,50,188.23529411764707,0.28,21,142.0,220,171
163,332,415,0.8,0.9647058823529412,0.6712147043261893,0.1820020534650073,0,0,none,0.0,no offload,18,5,8,3,5,2,3,1,121849.14044469461,0.8636363636363636,95,229.54545454545456,0.82,41,223.0,0.7894736842105263,75,218.42105263157896,0.9647058823529412,82,244.7058823529412,0.52,39,178.0,220,237
164,347,415,0.8361445783132531,0.9578947368421052,0.6712147043261893,0.1820020534650073,0,0,none,0.0,no offload,17,5,4,2,3,2,3,1,122977.76583169152,0.7,77,205.0,0.82,41,223.0,0.9578947368421052,91,243.68421052631578,0.9529411764705882,81,242.94117647058823,0.76,57,214.0,301,156
165,371,415,0.8939759036144578,0.9578947368421052,0.6712147043261893,0.1820020534650073,0,0,none,0.0,no offload,19,4,6,1,3,1,3,1,124143.93667323388,0.8636363636363636,95,229.54545454545456,0.84,42,226.0,0.9578947368421052,91,243.68421052631578,0.9529411764705882,81,242.94117647058823,0.8266666666666667,62,224.0,81,276
166,242,415,0.5831325301204819,0.9090909090909091,0.6712147043261893,0.1820020534650073,0,0,none,0.0,no offload,13,5,4,2,2,2,3,1,125066.11455108359,0.9090909090909091,100,236.36363636363635,0.52,26,178.0,0.4105263157894737,39,161.57894736842104,0.38823529411764707,33,158.23529411764707,0.5866666666666667,44,188.0,171,310
167,296,415,0.7132530120481928,0.9090909090909091,0.6712147043261893,0.1820020534650073,0,0,none,0.0,no offload,18,4,8,2,4,2,3,1,126081.04165493949,0.9090909090909091,100,236.36363636363635,0.56,28,184.0,0.6947368421052632,66,204.21052631578948,0.6823529411764706,58,202.3529411764706,0.5866666666666667,44,188.0,180,220
168,316,415,0.7614457831325301,0.9294117647058824,0.6712147043261893,0.1820020534650073,0,0,none,0.0,no offload,20,5,8,2,3,2,3,1,127149.1184914157,0.7363636363636363,81,210.45454545454544,0.68,34,202.0,0.6947368421052632,66,204.21052631578948,0.9294117647058824,79,239.41176470588235,0.7466666666666667,56,212.0,300,240
169,341,415,0.8216867469879519,0.8941176470588236,0.6712147043261893,0.1820020534650073,0,0,none,0.0,no offload,21,5,6,2,4,2,3,1,128254.9586265128,0.8272727272727273,91,224.0909090909091,0.7,35,205.0,0.8842105263157894,84,232.6315789473684,0.8941176470588236,76,234.11764705882354,0.7333333333333333,55,210.0,300,186
170,267,415,0.6433734939759036,0.8941176470588236,0.6862131131566116,0.20509109944409032,0,0,none,0.0,no offload,20,3,5,1,3,1,3,1,129200.48297213622,0.8272727272727273,91,224.0909090909091,0.26,13,139.0,0.6421052631578947,61,196.31578947368422,0.8941176470588236,76,234.11764705882354,0.3466666666666667,26,152.0,210,66
171,275,415,0.6626506024096386,0.9545454545454546,0.6862131131566116,0.20509109944409032,0,0,none,0.0,no offload,21,6,9,3,4,2,3,1,130176.15705037996,0.9545454545454546,105,243.1818181818182,0.58,29,187.0,0.6421052631578947,61,196.31578947368422,0.5411764705882353,46,181.1764705882353,0.4533333333333333,34,168.0,330,198
172,210,415,0.5060240963855421,0.5636363636363636,0.6862131131566116,0.20509109944409032,0,0,none,0.0,no offload,19,4,5,1,3,1,3,1,131055.52913031241,0.5636363636363636,62,184.54545454545456,0.54,27,181.0,0.4631578947368421,44,169.4736842105263,0.4823529411764706,41,172.3529411764706,0.48,36,172.0,186,132
173,214,415,0.5156626506024097,0.8105263157894737,0.6862131131566116,0.20509109944409032,0,0,none,0.0,no offload,16,5,3,2,2,2,3,1,131927.59470869688,0.5636363636363636,62,184.54545454545456,0.46,23,169.0,0.8105263157894737,77,221.57894736842104,0.35294117647058826,30,152.94117647058823,0.29333333333333333,22,144.0,186,252
174,218,415,0.5253012048192771,0.8090909090909091,0.6862131131566116,0.20509109944409032,0,0,none,0.0,no offload,13,3,4,0,4,0,3,1,132781.88713763017,0.8090909090909091,89,221.36363636363637,0.12,6,118.0,0.5473684210526316,52,182.10526315789474,0.4588235294117647,39,168.8235294117647,0.4266666666666667,32,164.0,186,120
175,333,415,0.8024096385542169,0.9733333333333334,0.6862131131566116,0.20509109944409032,0,0,none,0.0,no offload,19,1,11,1,5,1,3,1,133894.37067267098,0.7636363636363637,84,214.54545454545456,0.88,44,232.0,0.7368421052631579,70,210.5263157894737,0.7294117647058823,62,209.41176470588235,0.9733333333333334,73,246.0,0,66
176,322,415,0.7759036144578313,0.9733333333333334,0.6862131131566116,0.20509109944409032,0,0,none,0.0,no offload,18,1,4,0,2,0,3,1,134985.21334083873,0.7636363636363637,84,214.54545454545456,0.88,44,232.0,0.8631578947368421,82,229.47368421052633,0.4588235294117647,39,168.8235294117647,0.9733333333333334,73,246.0,0,66
177,353,415,0.8506024096385543,0.8941176470588236,0.6862131131566116,0.20509109944409032,0,0,none,0.0,no offload,23,4,8,3,3,2,3,1,136118.62285392627,0.8454545454545455,93,226.8181818181818,0.78,39,217.0,0.8631578947368421,82,229.47368421052633,0.8941176470588236,76,234.11764705882354,0.84,63,226.0,64,166
178,239,415,0.5759036144578313,0.6818181818181818,0.6862131131566116,0.20509109944409032,0,0,none,0.0,no offload,18,4,5,1,3,1,3,1,137041.3197298058,0.6818181818181818,75,202.27272727272725,0.46,23,169.0,0.45263157894736844,43,167.89473684210526,0.6235294117647059,53,193.52941176470588,0.6,45,190.0,64,166
179,236,415,0.5686746987951807,0.8421052631578947,0.6862131131566116,0.20509109944409032,0,0,none,0.0,no offload,18,3,7,1,2,1,3,1,137961.40557275544,0.45454545454545453,50,168.1818181818182,0.46,23,169.0,0.8421052631578947,80,226.31578947368422,0.47058823529411764,40,170.58823529411765,0.5733333333333334,43,186.0,139,66
180,245,415,0.5903614457831325,0.8421052631578947,0.6169032473310487,0.19482880395431512,0,0,none,0.0,no offload,21,4,9,2,3,2,3,1,138891.9513087532,0.5454545454545454,60,181.8181818181818,0.46,23,169.0,0.8421052631578947,80,226.31578947368422,0.5294117647058824,45,179.41176470588235,0.49333333333333335,37,174.0,181,156
181,309,415,0.744578313253012,0.9,0.6169032473310487,0.19482880395431512,0,0,none,0.0,no offload,22,2,6,0,5,0,3,1,139923.67886293275,0.9,99,235.0,0.5,25,175.0,0.8421052631578947,80,226.31578947368422,0.7294117647058823,62,209.41176470588235,0.5733333333333334,43,186.0,81,90
182,297,415,0.7156626506024096,0.9,0.6169032473310487,0.19482880395431512,0,0,none,0.0,no offload,23,3,6,1,3,1,3,1,140939.60765550242,0.9,99,235.0,0.56,28,184.0,0.7473684210526316,71,212.10526315789474,0.6588235294117647,56,198.8235294117647,0.5733333333333334,43,186.0,81,171
183,237,415,0.5710843373493976,0.7473684210526316,0.6169032473310487,0.19482880395431512,0,0,none,0.0,no offload,21,2,9,1,4,1,3,1,141869.79313256405,0.5181818181818182,57,177.72727272727275,0.64,32,196.0,0.7473684210526316,71,212.10526315789474,0.4823529411764706,41,172.3529411764706,0.48,36,172.0,66,81
184,216,415,0.5204819277108433,0.7181818181818181,0.6169032473310487,0.19482880395431512,0,0,none,0.0,no offload,21,2,6,0,3,0,3,1,142759.5575569941,0.7181818181818181,79,207.72727272727272,0.64,32,196.0,0.35789473684210527,34,153.68421052631578,0.4823529411764706,41,172.3529411764706,0.4,30,160.0,66,81
185,235,415,0.5662650602409639,0.7181818181818181,0.6169032473310487,0.19482880395431512,0,0,none,0.0,no offload,21,3,5,2,3,2,3,1,143672.0743034056,0.7181818181818181,79,207.72727272727272,0.58,29,187.0,0.7052631578947368,67,205.78947368421052,0.4,34,160.0,0.3466666666666667,26,152.0,132,100
186,258,415,0.6216867469879518,0.8,0.6169032473310487,0.19482880395431512,0,0,none,0.0,no offload,20,6,8,4,3,2,3,1,144630.04559527163,0.5545454545454546,61,183.1818181818182,0.5,25,175.0,0.7052631578947368,67,205.78947368421052,0.8,68,220.0,0.49333333333333335,37,174.0,228,256
187,262,415,0.6313253012048192,0.8,0.6169032473310487,0.19482880395431512,0,0,none,0.0,no offload,22,6,9,1,4,1,3,1,145592.3717984802,0.6272727272727273,69,194.0909090909091,0.52,26,178.0,0.8,76,220.0,0.5882352941176471,50,188.23529411764707,0.5466666666666666,41,182.0,228,256
188,296,415,0.7132530120481928,0.8133333333333334,0.6169032473310487,0.19482880395431512,0,0,none,0.0,no offload,28,8,10,3,5,2,3,1,146622.5904869125,0.6727272727272727,74,200.9090909090909,0.58,29,187.0,0.7157894736842105,68,207.36842105263156,0.7529411764705882,64,212.94117647058823,0.8133333333333334,61,222.0,328,337
189,220,415,0.5301204819277109,0.6133333333333333,0.6169032473310487,0.19482880395431512,0,0,none,0.0,no offload,23,4,5,1,4,1,3,1,147520.10329299187,0.4727272727272727,52,170.9090909090909,0.46,23,169.0,0.5157894736842106,49,177.3684210526316,0.5882352941176471,50,188.23529411764707,0.6133333333333333,46,192.0,166,162
190,168,415,0.40481927710843374,0.45263157894736844,0.3747192494046949,0.15491562376447293,0,0,none,0.0,no offload,22,6,8,3,4,2,3,1,148324.16380523506,0.39090909090909093,43,158.63636363636363,0.44,22,166.0,0.45263157894736844,43,167.89473684210526,0.4235294117647059,36,163.52941176470588,0.32,24,148.0,306,282
191,222,415,0.5349397590361445,0.7176470588235294,0.3747192494046949,0.15491562376447293,0,0,none,0.0,no offload,19,6,7,2,5,2,3,1,149212.3036870251,0.5636363636363636,62,184.54545454545456,0.38,19,157.0,0.5263157894736842,50,178.94736842105263,0.7176470588235294,61,207.6470588235294,0.4,30,160.0,340,291
192,278,415,0.6698795180722892,0.8842105263157894,0.3747192494046949,0.15491562376447293,0,0,none,0.0,no offload,19,2,3,0,3,0,3,1,150200.03687025054,0.5363636363636364,59,180.45454545454544,0.38,19,157.0,0.8842105263157894,84,232.6315789473684,0.7176470588235294,61,207.6470588235294,0.7333333333333333,55,210.0,100,90
193,266,415,0.6409638554216868,0.9,0.3747192494046949,0.15491562376447293,0,0,none,0.0,no offload,12,1,5,0,2,0,3,1,151156.84182381092,0.9,99,235.0,0.38,19,157.0,0.42105263157894735,40,163.1578947368421,0.7176470588235294,61,207.6470588235294,0.6266666666666667,47,194.0,0,90
194,317,415,0.763855421686747,0.9,0.3747192494046949,0.15491562376447293,0,0,none,0.0,no offload,15,0,7,0,3,0,3,1,152219.22572473972,0.9,99,235.0,0.62,31,193.0,0.631578947368421,60,194.73684210526315,0.7176470588235294,61,207.6470588235294,0.88,66,232.0,0,0
195,327,415,0.7879518072289157,0.9157894736842105,0.3747192494046949,0.15491562376447293,0,0,none,0.0,no offload,15,0,3,0,2,0,3,1,153273.2412046159,0.9,99,235.0,0.28,14,142.0,0.9157894736842105,87,237.36842105263156,0.7176470588235294,61,207.6470588235294,0.88,66,232.0,0,0
196,358,415,0.8626506024096385,0.9727272727272728,0.3747192494046949,0.15491562376447293,0,0,none,0.0,no offload,22,1,12,1,3,1,3,1,154415.81283422466,0.9727272727272728,107,245.9090909090909,0.88,44,232.0,0.9157894736842105,87,237.36842105263156,0.6352941176470588,54,195.2941176470588,0.88,66,232.0,0,81
197,333,415,0.8024096385542169,0.9727272727272728,0.3747192494046949,0.15491562376447293,0,0,none,0.0,no offload,20,3,4,2,2,2,3,1,155501.99127497897,0.9727272727272728,107,245.9090909090909,0.66,33,199.0,0.6947368421052632,66,204.21052631578948,0.8470588235294118,72,227.05882352941177,0.7333333333333333,55,210.0,66,171
198,338,415,0.8144578313253013,0.9727272727272728,0.3747192494046949,0.15491562376447293,0,0,none,0.0,no offload,24,7,7,4,2,2,3,1,156584.69603152273,0.9727272727272728,107,245.9090909090909,0.5,25,175.0,0.8315789473684211,79,224.73684210526318,0.8470588235294118,72,227.05882352941177,0.7333333333333333,55,210.0,213,342
199,211,415,0.5084337349397591,0.8315789473684211,0.3747192494046949,0.15491562376447293,0,0,none,0.0,no offload,17,7,4,1,1,1,3,1,157464.37939769216,0.35454545454545455,39,153.1818181818182,0.4,20,160.0,0.8315789473684211,79,224.73684210526318,0.21176470588235294,18,131.76470588235293,0.7333333333333333,55,210.0,303,261
