t,active_cpu_fog,fog_capacity,pressure,predicted_pressure,prediction_uncertainty,tasks_placed_fog,tasks_placed_cloud,scale_decision,scale_up_total,scale_down_total,energy_joules_cumul,offload_ratio,fog_f0_p,fog_f0_load,fog_f0_power,fog_f1_p,fog_f1_load,fog_f1_power,fog_f2_p,fog_f2_load,fog_f2_power,fog_f3_p,fog_f3_load,fog_f3_power,fog_f4_p,fog_f4_load,fog_f4_power,cloud_c0_load,cloud_c1_load
0,0.0,235.0,0.0,0.0,0.1,2,0,down,0,1,174.50505050505052,0.0,0.8181818181818182,90.0,152.72727272727275,0.0,0.0,0.0,0.0,0.0,0.0,0.0,0.0,0.0,0.017777777777777778,1.3333333333333333,21.77777777777778,0.0,0.0
1,91.33333333333333,185.0,0.49369369369369365,0.0,0.1,1,0,none,0,1,437.01010101010104,0.0,0.8181818181818182,90.0,152.72727272727275,0.0,0.0,0.0,0.0,0.0,0.0,0.0,0.0,0.0,0.8977777777777777,67.33333333333333,109.77777777777777,0.0,0.0
2,157.33333333333331,185.0,0.8504504504504503,0.0,0.1,1,1,none,0,1,701.3333333333334,0.5,0.8303030303030302,91.33333333333333,154.54545454545453,0.0,0.0,0.0,0.0,0.0,0.0,0.0,0.0,0.0,0.8977777777777777,67.33333333333333,109.77777777777777,25.0,0.0
3,68.66666666666666,185.0,0.3711711711711711,0.0,0.1,2,0,none,0,1,973.3838383838385,0.0,0.8818181818181818,97.0,162.27272727272728,0.0,0.0,0.0,0.0,0.0,0.0,0.0,0.0,0.0,0.8977777777777777,67.33333333333333,109.77777777777777,25.0,0.0
4,97.0,185.0,0.5243243243243243,0.0,0.1,2,0,down,0,2,1139.2929292929293,0.0,0.906060606060606,99.66666666666666,165.9090909090909,0.0,0.0,0.0,0.0,0.0,0.0,0.0,0.0,0.0,0.0,0.0,0.0,0.0,0.0
5,99.66666666666666,110.0,0.906060606060606,0.2718181818181818,0.1,0,1,none,0,2,1305.2020202020203,1.0,0.906060606060606,99.66666666666666,165.9090909090909,0.0,0.0,0.0,0.0,0.0,0.0,0.0,0.0,0.0,0.0,0.0,0.0,1.3333333333333333,0.0
6,2.666666666666657,110.0,0.024242424242424156,0.2718181818181818,0.1,3,0,none,0,2,1375.2020202020203,0.0,0.2666666666666666,29.333333333333325,70.0,0.0,0.0,0.0,0.0,0.0,0.0,0.0,0.0,0.0,0.0,0.0,0.0,1.3333333333333333,0.0
7,29.333333333333325,110.0,0.2666666666666666,0.2718181818181818,0.1,2,1,none,0,2,1513.3838383838386,0.3333333333333333,0.7212121212121212,79.33333333333333,138.1818181818182,0.0,0.0,0.0,0.0,0.0,0.0,0.0,0.0,0.0,0.0,0.0,0.0,67.33333333333333,0.0
8,76.66666666666666,110.0,0.6969696969696969,0.2718181818181818,0.1,2,2,none,0,2,1667.0202020202023,0.5,0.8242424242424241,90.66666666666666,153.63636363636363,0.0,0.0,0.0,0.0,0.0,0.0,0.0,0.0,0.0,0.0,0.0,0.0,208.66666666666666,0.0
9,13.999999999999986,110.0,0.12727272727272715,0.2718181818181818,0.1,4,1,none,0,2,1837.0202020202023,0.2,0.9333333333333332,102.66666666666666,169.99999999999997,0.0,0.0,0.0,0.0,0.0,0.0,0.0,0.0,0.0,0.0,0.0,0.0,327.3333333333333,0.0
10,102.66666666666666,110.0,0.9333333333333332,0.4702727272727272,0.1,0,6,none,0,2,2007.0202020202023,1.0,0.9333333333333332,102.66666666666666,169.99999999999997,0.0,0.0,0.0,0.0,0.0,0.0,0.0,0.0,0.0,0.0,0.0,0.0,321.6666666666667,0.0
11,63.66666666666666,110.0,0.5787878787878787,0.4702727272727272,0.1,1,1,none,0,2,2157.9292929292933,0.5,0.8060606060606059,88.66666666666666,150.90909090909088,0.0,0.0,0.0,0.0,0.0,0.0,0.0,0.0,0.0,0.0,0.0,0.0,141.33333333333331,0.0
12,26.33333333333332,110.0,0.2393939393939393,0.4702727272727272,0.1,2,2,none,0,2,2336.1111111111113,0.5,0.9878787878787878,108.66666666666666,178.18181818181816,0.0,0.0,0.0,0.0,0.0,0.0,0.0,0.0,0.0,0.0,0.0,0.0,287.66666666666663,0.0
13,82.33333333333333,110.0,0.7484848484848484,0.4702727272727272,0.1,2,0,none,0,2,2507.0202020202023,0.0,0.9393939393939393,103.33333333333333,170.9090909090909,0.0,0.0,0.0,0.0,0.0,0.0,0.0,0.0,0.0,0.0,0.0,0.0,252.3333333333333,0.0
14,103.33333333333333,110.0,0.9393939393939393,0.4702727272727272,0.1,0,2,none,0,2,2677.9292929292933,1.0,0.9393939393939393,103.33333333333333,170.9090909090909,0.0,0.0,0.0,0.0,0.0,0.0,0.0,0.0,0.0,0.0,0.0,0.0,70.66666666666661,0.0
15,22.33333333333333,110.0,0.20303030303030298,0.3900999999999999,0.1,3,1,none,0,2,2802.0202020202023,0.25,0.6272727272727273,69.0,124.0909090909091,0.0,0.0,0.0,0.0,0.0,0.0,0.0,0.0,0.0,0.0,0.0,0.0,139.3333333333333,0.0
16,46.66666666666667,110.0,0.4242424242424243,0.3900999999999999,0.1,2,0,none,0,2,2924.29292929293,0.0,0.6151515151515152,67.66666666666667,122.27272727272728,0.0,0.0,0.0,0.0,0.0,0.0,0.0,0.0,0.0,0.0,0.0,0.0,139.3333333333333,0.0
17,67.66666666666667,110.0,0.6151515151515152,0.3900999999999999,0.1,2,0,none,0,2,3088.383838383839,0.0,0.893939393939394,98.33333333333334,164.0909090909091,0.0,0.0,0.0,0.0,0.0,0.0,0.0,0.0,0.0,0.0,0.0,0.0,1.333333333333286,0.0
18,53.000000000000014,110.0,0.4818181818181819,0.3900999999999999,0.1,2,1,none,0,2,3222.9292929292933,0.3333333333333333,0.6969696969696971,76.66666666666669,134.54545454545456,0.0,0.0,0.0,0.0,0.0,0.0,0.0,0.0,0.0,0.0,0.0,0.0,100.0,0.0
19,29.333333333333357,110.0,0.2666666666666669,0.3900999999999999,0.1,1,0,none,0,2,3294.7474747474753,0.0,0.278787878787879,30.66666666666669,71.81818181818184,0.0,0.0,0.0,0.0,0.0,0.0,0.0,0.0,0.0,0.0,0.0,0.0,100.0,0.0
20,25.00000000000002,110.0,0.22727272727272746,0.34125181818181816,0.1,2,3,none,0,2,3450.6565656565663,0.6,0.8393939393939396,92.33333333333336,155.90909090909093,0.0,0.0,0.0,0.0,0.0,0.0,0.0,0.0,0.0,0.0,0.0,0.0,153.33333333333331,0.0
21,68.66666666666669,110.0,0.6242424242424244,0.34125181818181816,0.1,1,1,none,0,2,3628.3838383838392,0.5,0.984848484848485,108.33333333333334,177.72727272727275,0.0,0.0,0.0,0.0,0.0,0.0,0.0,0.0,0.0,0.0,0.0,0.0,234.33333333333331,0.0
22,108.33333333333334,110.0,0.984848484848485,0.34125181818181816,0.1,0,2,none,0,2,3806.111111111112,1.0,0.984848484848485,108.33333333333334,177.72727272727275,0.0,0.0,0.0,0.0,0.0,0.0,0.0,0.0,0.0,0.0,0.0,0.0,220.33333333333331,0.0
23,41.000000000000014,110.0,0.37272727272727285,0.34125181818181816,0.1,0,0,none,0,2,3892.020202020203,0.0,0.37272727272727285,41.000000000000014,85.90909090909093,0.0,0.0,0.0,0.0,0.0,0.0,0.0,0.0,0.0,0.0,0.0,0.0,191.99999999999997,0.0
24,1.4210854715202004e-14,110.0,1.291895883200182e-16,0.34125181818181816,0.1,4,0,none,0,2,4003.3838383838397,0.0,0.5424242424242426,59.666666666666686,111.36363636363639,0.0,0.0,0.0,0.0,0.0,0.0,0.0,0.0,0.0,0.0,0.0,0.0,10.999999999999972,0.0
25,59.666666666666686,110.0,0.5424242424242426,0.40160354545454546,0.1,3,0,none,0,2,4177.020202020203,0.0,0.9575757575757576,105.33333333333334,173.63636363636365,0.0,0.0,0.0,0.0,0.0,0.0,0.0,0.0,0.0,0.0,0.0,0.0,0.0,0.0
26,105.33333333333334,110.0,0.9575757575757576,0.40160354545454546,0.1,0,1,none,0,2,4350.656565656567,1.0,0.9575757575757576,105.33333333333334,173.63636363636365,0.0,0.0,0.0,0.0,0.0,0.0,0.0,0.0,0.0,0.0,0.0,0.0,3.0,0.0
27,45.66666666666667,110.0,0.4151515151515152,0.40160354545454546,0.1,7,0,none,0,2,4521.111111111112,0.0,0.9363636363636364,103.0,170.45454545454547,0.0,0.0,0.0,0.0,0.0,0.0,0.0,0.0,0.0,0.0,0.0,0.0,3.0,0.0
28,57.333333333333336,110.0,0.5212121212121212,0.40160354545454546,0.1,2,1,none,0,2,4678.383838383839,0.3333333333333333,0.8484848484848486,93.33333333333334,157.2727272727273,0.0,0.0,0.0,0.0,0.0,0.0,0.0,0.0,0.0,0.0,0.0,0.0,28.0,0.0
29,68.33333333333334,110.0,0.6212121212121213,0.40160354545454546,0.1,0,0,none,0,2,4801.565656565657,0.0,0.6212121212121213,68.33333333333334,123.1818181818182,0.0,0.0,0.0,0.0,0.0,0.0,0.0,0.0,0.0,0.0,0.0,0.0,25.0,0.0
30,13.666666666666671,110.0,0.12424242424242428,0.31839520909090907,0.1,3,0,none,0,2,4916.565656565657,0.0,0.5666666666666667,62.333333333333336,115.0,0.0,0.0,0.0,0.0,0.0,0.0,0.0,0.0,0.0,0.0,0.0,0.0,0.0,0.0
31,48.66666666666667,110.0,0.44242424242424244,0.31839520909090907,0.1,1,1,none,0,2,5047.020202020202,0.5,0.6696969696969698,73.66666666666667,130.45454545454547,0.0,0.0,0.0,0.0,0.0,0.0,0.0,0.0,0.0,0.0,0.0,0.0,100.0,0.0
32,48.66666666666667,110.0,0.44242424242424244,0.31839520909090907,0.1,0,0,none,0,2,5143.383838383838,0.0,0.44242424242424244,48.66666666666667,96.36363636363636,0.0,0.0,0.0,0.0,0.0,0.0,0.0,0.0,0.0,0.0,0.0,0.0,100.0,0.0
33,0.0,110.0,0.0,0.31839520909090907,0.1,3,0,none,0,2,5319.747474747474,0.0,0.9757575757575757,107.33333333333333,176.36363636363635,0.0,0.0,0.0,0.0,0.0,0.0,0.0,0.0,0.0,0.0,0.0,0.0,0.0,0.0
34,107.33333333333333,110.0,0.9757575757575757,0.31839520909090907,0.1,0,1,none,0,2,5496.11111111111,1.0,0.9757575757575757,107.33333333333333,176.36363636363635,0.0,0.0,0.0,0.0,0.0,0.0,0.0,0.0,0.0,0.0,0.0,0.0,3.0,0.0
35,82.33333333333333,110.0,0.7484848484848484,0.44742210090909085,0.1,2,3,none,0,2,5674.292929292928,0.6,0.9878787878787878,108.66666666666666,178.18181818181816,0.0,0.0,0.0,0.0,0.0,0.0,0.0,0.0,0.0,0.0,0.0,0.0,108.66666666666667,0.0
36,27.666666666666657,110.0,0.2515151515151514,0.44742210090909085,0.1,5,1,none,0,2,5812.020202020201,0.16666666666666666,0.7181818181818181,79.0,137.72727272727272,0.0,0.0,0.0,0.0,0.0,0.0,0.0,0.0,0.0,0.0,0.0,0.0,174.66666666666669,0.0
37,52.66666666666667,110.0,0.4787878787878788,0.44742210090909085,0.1,2,0,none,0,2,5925.656565656565,0.0,0.5575757575757576,61.333333333333336,113.63636363636364,0.0,0.0,0.0,0.0,0.0,0.0,0.0,0.0,0.0,0.0,0.0,0.0,171.66666666666669,0.0
38,61.333333333333336,110.0,0.5575757575757576,0.44742210090909085,0.1,1,0,none,0,2,6047.020202020201,0.0,0.6090909090909091,67.0,121.36363636363637,0.0,0.0,0.0,0.0,0.0,0.0,0.0,0.0,0.0,0.0,0.0,0.0,66.00000000000001,0.0
39,15.666666666666664,110.0,0.1424242424242424,0.44742210090909085,0.1,2,0,none,0,2,6130.656565656565,0.0,0.35757575757575755,39.33333333333333,83.63636363636363,0.0,0.0,0.0,0.0,0.0,0.0,0.0,0.0,0.0,0.0,0.0,0.0,1.4210854715202004e-14,0.0
40,29.33333333333333,110.0,0.2666666666666666,0.3931954706363635,0.1,3,1,none,0,2,6303.838383838383,0.25,0.9545454545454546,105.0,173.1818181818182,0.0,0.0,0.0,0.0,0.0,0.0,0.0,0.0,0.0,0.0,0.0,0.0,18.000000000000014,0.0
41,99.33333333333333,110.0,0.903030303030303,0.3931954706363635,0.1,0,4,none,0,2,6469.292929292928,1.0,0.903030303030303,99.33333333333333,165.45454545454544,0.0,0.0,0.0,0.0,0.0,0.0,0.0,0.0,0.0,0.0,0.0,0.0,100.33333333333334,0.0
42,50.66666666666666,110.0,0.4606060606060605,0.3931954706363635,0.1,4,0,none,0,2,6594.7474747474735,0.0,0.6363636363636364,70.0,125.45454545454545,0.0,0.0,0.0,0.0,0.0,0.0,0.0,0.0,0.0,0.0,0.0,0.0,100.33333333333334,0.0
43,19.333333333333336,110.0,0.17575757575757578,0.3931954706363635,0.1,2,0,none,0,2,6670.2020202020185,0.0,0.30303030303030304,33.333333333333336,75.45454545454545,0.0,0.0,0.0,0.0,0.0,0.0,0.0,0.0,0.0,0.0,0.0,0.0,57.33333333333334,0.0
44,33.333333333333336,110.0,0.30303030303030304,0.3931954706363635,0.1,2,0,none,0,2,6768.3838383838365,0.0,0.45454545454545453,50.0,98.18181818181817,0.0,0.0,0.0,0.0,0.0,0.0,0.0,0.0,0.0,0.0,0.0,0.0,1.4210854715202004e-14,0.0
45,33.33333333333333,110.0,0.303030303030303,0.4368390792575488,0.3096094503345482,1,0,none,0,2,6913.838383838382,0.0,0.7696969696969697,84.66666666666666,145.45454545454544,0.0,0.0,0.0,0.0,0.0,0.0,0.0,0.0,0.0,0.0,0.0,0.0,1.4210854715202004e-14,0.0
46,68.0,110.0,0.6181818181818182,0.4368390792575488,0.3096094503345482,1,2,none,0,2,7061.111111111109,0.6666666666666666,0.7818181818181819,86.0,147.27272727272728,0.0,0.0,0.0,0.0,0.0,0.0,0.0,0.0,0.0,0.0,0.0,0.0,94.33333333333334,0.0
47,69.33333333333333,110.0,0.6303030303030303,0.4368390792575488,0.3096094503345482,3,0,none,0,2,7217.474747474745,0.0,0.8424242424242423,92.66666666666666,156.36363636363635,0.0,0.0,0.0,0.0,0.0,0.0,0.0,0.0,0.0,0.0,0.0,0.0,94.33333333333334,0.0
48,41.33333333333332,110.0,0.3757575757575756,0.4368390792575488,0.3096094503345482,2,0,none,0,2,7352.92929292929,0.0,0.7030303030303029,77.33333333333331,135.45454545454544,0.0,0.0,0.0,0.0,0.0,0.0,0.0,0.0,0.0,0.0,0.0,0.0,94.33333333333334,0.0
49,59.333333333333314,110.0,0.5393939393939392,0.4368390792575488,0.3096094503345482,1,0,none,0,2,7497.92929292929,0.0,0.7666666666666665,84.33333333333331,144.99999999999997,0.0,0.0,0.0,0.0,0.0,0.0,0.0,0.0,0.0,0.0,0.0,0.0,1.4210854715202004e-14,0.0
50,62.333333333333314,110.0,0.5666666666666665,0.44427860294386945,0.29666438666345557,3,3,none,0,2,7660.202020202017,0.5,0.8818181818181817,96.99999999999999,162.27272727272725,0.0,0.0,0.0,0.0,0.0,0.0,0.0,0.0,0.0,0.0,0.0,0.0,189.0,0.0
51,34.66666666666666,110.0,0.31515151515151507,0.44427860294386945,0.29666438666345557,4,1,none,0,2,7836.565656565653,0.2,0.9757575757575756,107.33333333333331,176.36363636363635,0.0,0.0,0.0,0.0,0.0,0.0,0.0,0.0,0.0,0.0,0.0,0.0,270.0,0.0
52,107.33333333333331,110.0,0.9757575757575756,0.44427860294386945,0.29666438666345557,0,0,none,0,2,8012.929292929289,0.0,0.9757575757575756,107.33333333333331,176.36363636363635,0.0,0.0,0.0,0.0,0.0,0.0,0.0,0.0,0.0,0.0,0.0,0.0,270.0,0.0
53,72.66666666666664,110.0,0.6606060606060604,0.44427860294386945,0.29666438666345557,0,0,none,0,2,8142.020202020198,0.0,0.6606060606060604,72.66666666666664,129.09090909090907,0.0,0.0,0.0,0.0,0.0,0.0,0.0,0.0,0.0,0.0,0.0,0.0,81.0,0.0
54,0.0,110.0,0.0,0.44427860294386945,0.29666438666345557,3,0,none,0,2,8311.111111111108,0.0,0.9272727272727272,102.0,169.0909090909091,0.0,0.0,0.0,0.0,0.0,0.0,0.0,0.0,0.0,0.0,0.0,0.0,0.0,0.0
55,102.0,110.0,0.9272727272727272,0.4793011780047552,0.317252521852949,0,4,none,0,2,8480.202020202018,1.0,0.9272727272727272,102.0,169.0909090909091,0.0,0.0,0.0,0.0,0.0,0.0,0.0,0.0,0.0,0.0,0.0,0.0,134.0,0.0
56,77.0,110.0,0.7,0.4793011780047552,0.317252521852949,1,3,none,0,2,8639.747474747472,0.75,0.8636363636363636,95.0,159.54545454545456,0.0,0.0,0.0,0.0,0.0,0.0,0.0,0.0,0.0,0.0,0.0,0.0,303.33333333333337,0.0
57,18.0,110.0,0.16363636363636364,0.4793011780047552,0.317252521852949,3,2,none,0,2,8747.474747474744,0.4,0.5181818181818182,57.0,107.72727272727273,0.0,0.0,0.0,0.0,0.0,0.0,0.0,0.0,0.0,0.0,0.0,0.0,483.33333333333337,0.0
58,57.0,110.0,0.5181818181818182,0.4793011780047552,0.317252521852949,1,1,none,0,2,8862.92929292929,0.5,0.5696969696969697,62.666666666666664,115.45454545454545,0.0,0.0,0.0,0.0,0.0,0.0,0.0,0.0,0.0,0.0,0.0,0.0,440.66666666666674,0.0
59,19.666666666666664,110.0,0.17878787878787877,0.4793011780047552,0.317252521852949,3,0,none,0,2,9032.474747474744,0.0,0.9303030303030303,102.33333333333333,169.54545454545453,0.0,0.0,0.0,0.0,0.0,0.0,0.0,0.0,0.0,0.0,0.0,0.0,270.0000000000001,0.0
60,88.33333333333333,110.0,0.803030303030303,0.5048304278226475,0.3208857416613237,3,4,none,0,2,9196.565656565654,0.5714285714285714,0.8939393939393939,98.33333333333333,164.0909090909091,0.0,0.0,0.0,0.0,0.0,0.0,0.0,0.0,0.0,0.0,0.0,0.0,321.0000000000001,0.0
61,67.66666666666666,110.0,0.6151515151515151,0.5048304278226475,0.3208857416613237,6,2,none,0,2,9360.656565656564,0.25,0.8939393939393938,98.33333333333331,164.09090909090907,0.0,0.0,0.0,0.0,0.0,0.0,0.0,0.0,0.0,0.0,0.0,0.0,336.6666666666668,0.0
62,40.66666666666665,110.0,0.3696969696969695,0.5048304278226475,0.3208857416613237,6,5,none,0,2,9537.929292929291,0.45454545454545453,0.9818181818181817,107.99999999999999,177.27272727272725,0.0,0.0,0.0,0.0,0.0,0.0,0.0,0.0,0.0,0.0,0.0,0.0,383.6666666666668,0.0
63,99.33333333333331,110.0,0.9030303030303028,0.5048304278226475,0.3208857416613237,0,11,none,0,2,9703.383838383837,1.0,0.9030303030303028,99.33333333333331,165.45454545454544,0.0,0.0,0.0,0.0,0.0,0.0,0.0,0.0,0.0,0.0,0.0,0.0,505.3333333333335,0.0
64,71.33333333333331,110.0,0.6484848484848483,0.5048304278226475,0.3208857416613237,4,4,none,0,2,9862.929292929291,0.5,0.8636363636363634,94.99999999999997,159.5454545454545,0.0,0.0,0.0,0.0,0.0,0.0,0.0,0.0,0.0,0.0,0.0,0.0,433.66666666666686,0.0
65,24.99999999999997,110.0,0.22727272727272702,0.48982218263872546,0.31606929325089345,6,2,none,0,2,10007.020202020201,0.25,0.7606060606060604,83.66666666666664,144.09090909090907,0.0,0.0,0.0,0.0,0.0,0.0,0.0,0.0,0.0,0.0,0.0,0.0,382.66666666666686,0.0
66,82.33333333333331,110.0,0.7484848484848483,0.48982218263872546,0.31606929325089345,3,10,none,0,2,10179.747474747473,0.7692307692307693,0.9515151515151513,104.66666666666664,172.7272727272727,0.0,0.0,0.0,0.0,0.0,0.0,0.0,0.0,0.0,0.0,0.0,0.0,561.3333333333336,0.0
67,58.66666666666664,110.0,0.5333333333333331,0.48982218263872546,0.31606929325089345,5,4,none,0,2,10342.929292929291,0.4444444444444444,0.8878787878787877,97.66666666666664,163.18181818181816,0.0,0.0,0.0,0.0,0.0,0.0,0.0,0.0,0.0,0.0,0.0,0.0,733.666666666667,0.0
68,61.33333333333331,110.0,0.5575757575757574,0.48982218263872546,0.31606929325089345,7,5,none,0,2,10519.292929292928,0.4166666666666667,0.9757575757575756,107.33333333333331,176.36363636363635,0.0,0.0,0.0,0.0,0.0,0.0,0.0,0.0,0.0,0.0,0.0,0.0,823.3333333333336,0.0
69,86.33333333333331,110.0,0.7848484848484847,0.48982218263872546,0.31606929325089345,2,9,none,0,2,10699.292929292928,0.8181818181818182,0.9999999999999999,109.99999999999999,179.99999999999997,0.0,0.0,0.0,0.0,0.0,0.0,0.0,0.0,0.0,0.0,0.0,0.0,747.3333333333336,0.0
70,70.99999999999999,110.0,0.6454545454545453,0.49791323102689394,0.3069462408661452,4,6,none,0,2,10878.383838383837,0.6,0.9939393939393938,109.33333333333331,179.09090909090907,0.0,0.0,0.0,0.0,0.0,0.0,0.0,0.0,0.0,0.0,0.0,0.0,900.0000000000002,0.0
71,64.66666666666666,110.0,0.5878787878787878,0.49791323102689394,0.3069462408661452,3,3,none,0,2,11037.929292929291,0.5,0.8636363636363635,94.99999999999999,159.54545454545453,0.0,0.0,0.0,0.0,0.0,0.0,0.0,0.0,0.0,0.0,0.0,0.0,705.666666666667,0.0
72,68.66666666666666,110.0,0.6242424242424242,0.49791323102689394,0.3069462408661452,5,6,none,0,2,11214.747474747473,0.5454545454545454,0.9787878787878787,107.66666666666666,176.81818181818178,0.0,0.0,0.0,0.0,0.0,0.0,0.0,0.0,0.0,0.0,0.0,0.0,752.6666666666671,0.0
73,70.66666666666666,110.0,0.6424242424242423,0.49791323102689394,0.3069462408661452,4,9,none,0,2,11390.20202020202,0.6923076923076923,0.9696969696969696,106.66666666666666,175.45454545454544,0.0,0.0,0.0,0.0,0.0,0.0,0.0,0.0,0.0,0.0,0.0,0.0,867.6666666666671,0.0
74,76.33333333333333,110.0,0.6939393939393939,0.49791323102689394,0.3069462408661452,4,7,none,0,2,11569.747474747473,0.6363636363636364,0.9969696969696968,109.66666666666666,179.54545454545453,0.0,0.0,0.0,0.0,0.0,0.0,0.0,0.0,0.0,0.0,0.0,0.0,855.3333333333337,0.0
75,70.66666666666666,110.0,0.6424242424242423,0.5068487606994305,0.29982926490313805,4,3,none,0,2,11734.292929292928,0.42857142857142855,0.8969696969696969,98.66666666666666,164.54545454545453,0.0,0.0,0.0,0.0,0.0,0.0,0.0,0.0,0.0,0.0,0.0,0.0,463.33333333333366,0.0
76,37.66666666666666,110.0,0.34242424242424235,0.5068487606994305,0.29982926490313805,5,1,none,0,2,11906.11111111111,0.16666666666666666,0.9454545454545453,103.99999999999999,171.8181818181818,0.0,0.0,0.0,0.0,0.0,0.0,0.0,0.0,0.0,0.0,0.0,0.0,291.33333333333366,0.0
77,96.99999999999999,110.0,0.8818181818181817,0.5068487606994305,0.29982926490313805,1,8,none,0,2,12083.383838383837,0.8888888888888888,0.9818181818181817,107.99999999999999,177.27272727272725,0.0,0.0,0.0,0.0,0.0,0.0,0.0,0.0,0.0,0.0,0.0,0.0,407.00000000000034,0.0
78,77.33333333333331,110.0,0.7030303030303029,0.5068487606994305,0.29982926490313805,2,7,none,0,2,12257.020202020201,0.7777777777777778,0.9575757575757574,105.33333333333331,173.63636363636363,0.0,0.0,0.0,0.0,0.0,0.0,0.0,0.0,0.0,0.0,0.0,0.0,624.0000000000005,0.0
79,40.333333333333314,110.0,0.3666666666666665,0.5068487606994305,0.29982926490313805,6,2,none,0,2,12419.747474747473,0.25,0.8848484848484847,97.33333333333331,162.7272727272727,0.0,0.0,0.0,0.0,0.0,0.0,0.0,0.0,0.0,0.0,0.0,0.0,657.3333333333338,0.0
80,59.99999999999998,110.0,0.5454545454545453,0.5097304790693042,0.29116587985919534,6,9,none,0,2,12598.383838383837,0.6,0.9909090909090907,108.99999999999999,178.6363636363636,0.0,0.0,0.0,0.0,0.0,0.0,0.0,0.0,0.0,0.0,0.0,0.0,388.0000000000005,0.0
81,80.99999999999999,110.0,0.7363636363636362,0.5097304790693042,0.29116587985919534,4,7,none,0,2,12774.747474747473,0.6363636363636364,0.9757575757575756,107.33333333333331,176.36363636363635,0.0,0.0,0.0,0.0,0.0,0.0,0.0,0.0,0.0,0.0,0.0,0.0,576.0000000000005,0.0
82,76.66666666666664,110.0,0.6969696969696968,0.5097304790693042,0.29116587985919534,5,6,none,0,2,12951.565656565655,0.5454545454545454,0.9787878787878785,107.66666666666664,176.81818181818178,0.0,0.0,0.0,0.0,0.0,0.0,0.0,0.0,0.0,0.0,0.0,0.0,626.3333333333337,0.0
83,57.333333333333314,110.0,0.521212121212121,0.5097304790693042,0.29116587985919534,4,2,none,0,2,13127.929292929291,0.3333333333333333,0.9757575757575756,107.33333333333331,176.36363636363635,0.0,0.0,0.0,0.0,0.0,0.0,0.0,0.0,0.0,0.0,0.0,0.0,390.6666666666671,0.0
84,83.66666666666664,110.0,0.7606060606060604,0.5097304790693042,0.29116587985919534,1,6,none,0,2,13306.11111111111,0.8571428571428571,0.9878787878787877,108.66666666666664,178.18181818181816,0.0,0.0,0.0,0.0,0.0,0.0,0.0,0.0,0.0,0.0,0.0,0.0,398.33333333333377,0.0
85,76.33333333333331,110.0,0.6939393939393937,0.5191309446947506,0.2862542202802548,5,5,none,0,2,13480.20202020202,0.5,0.9606060606060604,105.66666666666664,174.09090909090907,0.0,0.0,0.0,0.0,0.0,0.0,0.0,0.0,0.0,0.0,0.0,0.0,523.6666666666671,0.0
86,29.3333333333333,110.0,0.2666666666666664,0.5191309446947506,0.2862542202802548,5,6,none,0,2,13657.020202020201,0.5454545454545454,0.9787878787878784,107.66666666666663,176.81818181818176,0.0,0.0,0.0,0.0,0.0,0.0,0.0,0.0,0.0,0.0,0.0,0.0,631.6666666666671,0.0
87,107.66666666666663,110.0,0.9787878787878784,0.5191309446947506,0.2862542202802548,0,4,none,0,2,13833.838383838383,1.0,0.9787878787878784,107.66666666666663,176.81818181818176,0.0,0.0,0.0,0.0,0.0,0.0,0.0,0.0,0.0,0.0,0.0,0.0,407.66666666666714,0.0
88,55.99999999999996,110.0,0.5090909090909087,0.5191309446947506,0.2862542202802548,5,2,none,0,2,13962.020202020201,0.2857142857142857,0.6545454545454542,71.99999999999996,128.18181818181813,0.0,0.0,0.0,0.0,0.0,0.0,0.0,0.0,0.0,0.0,0.0,0.0,324.66666666666714,0.0
89,15.999999999999957,110.0,0.14545454545454506,0.5191309446947506,0.2862542202802548,6,6,none,0,2,14126.11111111111,0.5,0.8939393939393935,98.33333333333329,164.090909090909,0.0,0.0,0.0,0.0,0.0,0.0,0.0,0.0,0.0,0.0,0.0,0.0,598.6666666666672,0.0
90,98.33333333333329,110.0,0.8939393939393935,0.5375428064311398,0.29198382679281903,3,7,none,0,2,14303.838383838382,0.7,0.9848484848484844,108.33333333333329,177.72727272727266,0.0,0.0,0.0,0.0,0.0,0.0,0.0,0.0,0.0,0.0,0.0,0.0,707.6666666666672,0.0
91,93.66666666666661,110.0,0.851515151515151,0.5375428064311398,0.29198382679281903,3,7,none,0,2,14472.92929292929,0.7,0.9272727272727268,101.99999999999994,169.090909090909,0.0,0.0,0.0,0.0,0.0,0.0,0.0,0.0,0.0,0.0,0.0,0.0,645.0000000000006,0.0
92,19.6666666666666,110.0,0.1787878787878782,0.5375428064311398,0.29198382679281903,2,1,none,0,2,14597.92929292929,0.3333333333333333,0.6333333333333327,69.6666666666666,124.99999999999991,0.0,0.0,0.0,0.0,0.0,0.0,0.0,0.0,0.0,0.0,0.0,0.0,552.0000000000006,0.0
93,59.6666666666666,110.0,0.5424242424242418,0.5375428064311398,0.29198382679281903,6,6,none,0,2,14772.474747474744,0.5,0.9636363636363631,105.99999999999994,174.54545454545445,0.0,0.0,0.0,0.0,0.0,0.0,0.0,0.0,0.0,0.0,0.0,0.0,353.6666666666672,0.0
94,48.99999999999994,110.0,0.44545454545454494,0.5375428064311398,0.29198382679281903,8,1,none,0,2,14939.747474747472,0.1111111111111111,0.9151515151515145,100.6666666666666,167.27272727272717,0.0,0.0,0.0,0.0,0.0,0.0,0.0,0.0,0.0,0.0,0.0,0.0,374.3333333333338,0.0
95,97.99999999999993,110.0,0.8909090909090903,0.5544404039443308,0.2954608778896304,1,3,none,0,2,15118.383838383836,0.75,0.9909090909090903,108.99999999999993,178.63636363636354,0.0,0.0,0.0,0.0,0.0,0.0,0.0,0.0,0.0,0.0,0.0,0.0,465.3333333333338,0.0
96,37.666666666666586,110.0,0.3424242424242417,0.5544404039443308,0.2954608778896304,4,3,none,0,2,15297.474747474744,0.42857142857142855,0.9939393939393932,109.33333333333326,179.09090909090898,0.0,0.0,0.0,0.0,0.0,0.0,0.0,0.0,0.0,0.0,0.0,0.0,335.00000000000045,0.0
97,86.66666666666659,110.0,0.7878787878787872,0.5544404039443308,0.2954608778896304,4,5,none,0,2,15470.656565656562,0.5555555555555556,0.9545454545454539,104.99999999999993,173.1818181818181,0.0,0.0,0.0,0.0,0.0,0.0,0.0,0.0,0.0,0.0,0.0,0.0,533.3333333333337,0.0
98,89.99999999999993,110.0,0.8181818181818176,0.5544404039443308,0.2954608778896304,2,5,none,0,2,15649.74747474747,0.7142857142857143,0.9939393939393932,109.33333333333326,179.09090909090898,0.0,0.0,0.0,0.0,0.0,0.0,0.0,0.0,0.0,0.0,0.0,0.0,532.3333333333337,0.0
99,37.6666666666666,110.0,0.3424242424242418,0.5544404039443308,0.2954608778896304,5,3,none,0,2,15817.929292929288,0.375,0.9212121212121207,101.33333333333327,168.1818181818181,0.0,0.0,0.0,0.0,0.0,0.0,0.0,0.0,0.0,0.0,0.0,0.0,585.3333333333337,0.0
100,84.33333333333327,110.0,0.766666666666666,0.5636990412942208,0.2915803665335881,3,5,none,0,2,15995.65656565656,0.625,0.9848484848484843,108.33333333333327,177.72727272727263,0.0,0.0,0.0,0.0,0.0,0.0,0.0,0.0,0.0,0.0,0.0,0.0,458.666666666667,0.0
101,63.99999999999994,110.0,0.5818181818181813,0.5636990412942208,0.2915803665335881,4,7,none,0,2,16175.202020202014,0.6363636363636364,0.9969696969696964,109.6666666666666,179.54545454545445,0.0,0.0,0.0,0.0,0.0,0.0,0.0,0.0,0.0,0.0,0.0,0.0,649.0000000000003,0.0
102,69.6666666666666,110.0,0.6333333333333327,0.5636990412942208,0.2915803665335881,3,5,none,0,2,16348.383838383832,0.625,0.9545454545454539,104.99999999999993,173.1818181818181,0.0,0.0,0.0,0.0,0.0,0.0,0.0,0.0,0.0,0.0,0.0,0.0,580.666666666667,0.0
103,55.99999999999993,110.0,0.5090909090909085,0.5636990412942208,0.2915803665335881,3,6,none,0,2,16524.74747474747,0.6666666666666666,0.975757575757575,107.33333333333326,176.36363636363626,0.0,0.0,0.0,0.0,0.0,0.0,0.0,0.0,0.0,0.0,0.0,0.0,530.3333333333336,0.0
104,89.33333333333326,110.0,0.8121212121212115,0.5636990412942208,0.2915803665335881,3,0,none,0,2,16684.292929292926,0.0,0.8636363636363629,94.99999999999991,159.54545454545442,0.0,0.0,0.0,0.0,0.0,0.0,0.0,0.0,0.0,0.0,0.0,0.0,379.0000000000002,0.0
105,8.333333333333258,110.0,0.07575757575757507,0.5426657518415735,0.3027904064692572,5,1,none,0,2,16858.83838383838,0.16666666666666666,0.9636363636363628,105.99999999999991,174.54545454545442,0.0,0.0,0.0,0.0,0.0,0.0,0.0,0.0,0.0,0.0,0.0,0.0,181.33333333333354,0.0
106,104.66666666666659,110.0,0.9515151515151508,0.5426657518415735,0.3027904064692572,0,10,none,0,2,17031.565656565654,1.0,0.9515151515151508,104.66666666666659,172.7272727272726,0.0,0.0,0.0,0.0,0.0,0.0,0.0,0.0,0.0,0.0,0.0,0.0,349.66666666666686,0.0
107,100.33333333333326,110.0,0.9121212121212114,0.5426657518415735,0.3027904064692572,0,6,none,0,2,17198.383838383834,1.0,0.9121212121212114,100.33333333333326,166.81818181818173,0.0,0.0,0.0,0.0,0.0,0.0,0.0,0.0,0.0,0.0,0.0,0.0,520.6666666666669,0.0
108,2.666666666666586,110.0,0.02424242424242351,0.5426657518415735,0.3027904064692572,5,2,none,0,2,17374.74747474747,0.2857142857142857,0.9757575757575749,107.33333333333324,176.36363636363623,0.0,0.0,0.0,0.0,0.0,0.0,0.0,0.0,0.0,0.0,0.0,0.0,576.6666666666669,0.0
109,104.66666666666657,110.0,0.9515151515151506,0.5426657518415735,0.3027904064692572,0,6,none,0,2,17547.474747474742,1.0,0.9515151515151506,104.66666666666657,172.7272727272726,0.0,0.0,0.0,0.0,0.0,0.0,0.0,0.0,0.0,0.0,0.0,0.0,381.6666666666668,0.0
110,104.66666666666657,110.0,0.9515151515151506,0.5609674385764702,0.30614358233574895,0,11,none,0,2,17720.202020202014,1.0,0.9515151515151506,104.66666666666657,172.7272727272726,0.0,0.0,0.0,0.0,0.0,0.0,0.0,0.0,0.0,0.0,0.0,0.0,605.6666666666667,0.0
111,2.666666666666572,110.0,0.024242424242423382,0.5609674385764702,0.30614358233574895,6,0,none,0,2,17862.474747474742,0.0,0.7484848484848476,82.33333333333324,142.27272727272714,0.0,0.0,0.0,0.0,0.0,0.0,0.0,0.0,0.0,0.0,0.0,0.0,424.66666666666674,0.0
112,79.66666666666657,110.0,0.7242424242424234,0.5609674385764702,0.30614358233574895,1,5,none,0,2,18039.74747474747,0.8333333333333334,0.9818181818181809,107.9999999999999,177.27272727272714,0.0,0.0,0.0,0.0,0.0,0.0,0.0,0.0,0.0,0.0,0.0,0.0,243.66666666666674,0.0
113,82.9999999999999,110.0,0.7545454545454536,0.5609674385764702,0.30614358233574895,4,4,none,0,2,18210.202020202014,0.5,0.9363636363636355,102.9999999999999,170.45454545454533,0.0,0.0,0.0,0.0,0.0,0.0,0.0,0.0,0.0,0.0,0.0,0.0,244.33333333333343,0.0
114,50.9999999999999,110.0,0.46363636363636274,0.5609674385764702,0.30614358233574895,3,1,none,0,2,18383.383838383834,0.25,0.9545454545454536,104.9999999999999,173.18181818181804,0.0,0.0,0.0,0.0,0.0,0.0,0.0,0.0,0.0,0.0,0.0,0.0,333.0000000000001,0.0
115,73.9999999999999,110.0,0.6727272727272718,0.5664188537235281,0.30113493018722504,5,8,none,0,2,18543.383838383834,0.6153846153846154,0.8666666666666658,95.33333333333324,159.99999999999986,0.0,0.0,0.0,0.0,0.0,0.0,0.0,0.0,0.0,0.0,0.0,0.0,794.6666666666669,0.0
116,50.33333333333324,110.0,0.45757575757575675,0.5664188537235281,0.30113493018722504,3,1,none,0,2,18712.020202020198,0.25,0.9242424242424234,101.66666666666657,168.6363636363635,0.0,0.0,0.0,0.0,0.0,0.0,0.0,0.0,0.0,0.0,0.0,0.0,707.3333333333335,0.0
117,72.66666666666657,110.0,0.6606060606060598,0.5664188537235281,0.30113493018722504,4,5,none,0,2,18890.202020202018,0.5555555555555556,0.987878787878787,108.66666666666657,178.18181818181804,0.0,0.0,0.0,0.0,0.0,0.0,0.0,0.0,0.0,0.0,0.0,0.0,425.6666666666668,0.0
118,38.66666666666657,110.0,0.35151515151515067,0.5664188537235281,0.30113493018722504,5,0,none,0,2,19042.92929292929,0.0,0.8181818181818175,89.99999999999991,152.72727272727263,0.0,0.0,0.0,0.0,0.0,0.0,0.0,0.0,0.0,0.0,0.0,0.0,188.0000000000001,0.0
119,88.66666666666659,110.0,0.8060606060606054,0.5664188537235281,0.30113493018722504,5,10,none,0,2,19222.92929292929,0.6666666666666666,0.9999999999999993,109.99999999999993,179.9999999999999,0.0,0.0,0.0,0.0,0.0,0.0,0.0,0.0,0.0,0.0,0.0,0.0,504.6666666666668,0.0
120,73.99999999999993,110.0,0.6727272727272721,0.5706193112026179,0.2959041697630499,1,5,none,0,2,19355.65656565656,0.8333333333333334,0.6848484848484842,75.33333333333326,132.72727272727263,0.0,0.0,0.0,0.0,0.0,0.0,0.0,0.0,0.0,0.0,0.0,0.0,743.3333333333334,0.0
121,23.99999999999993,110.0,0.21818181818181753,0.5706193112026179,0.2959041697630499,3,6,none,0,2,19532.474747474742,0.6666666666666666,0.9787878787878781,107.66666666666659,176.81818181818173,0.0,0.0,0.0,0.0,0.0,0.0,0.0,0.0,0.0,0.0,0.0,0.0,754.0,0.0
122,86.33333333333326,110.0,0.7848484848484841,0.5706193112026179,0.2959041697630499,2,4,none,0,2,19702.929292929286,0.6666666666666666,0.9363636363636357,102.99999999999993,170.45454545454535,0.0,0.0,0.0,0.0,0.0,0.0,0.0,0.0,0.0,0.0,0.0,0.0,585.6666666666667,0.0
123,101.6666666666666,110.0,0.9242424242424236,0.5706193112026179,0.2959041697630499,0,10,none,0,2,19871.56565656565,1.0,0.9242424242424236,101.6666666666666,168.63636363636354,0.0,0.0,0.0,0.0,0.0,0.0,0.0,0.0,0.0,0.0,0.0,0.0,516.3333333333335,0.0
124,19.33333333333327,110.0,0.1757575757575752,0.5706193112026179,0.2959041697630499,6,6,none,0,2,20040.202020202014,0.5,0.9242424242424236,101.6666666666666,168.63636363636354,0.0,0.0,0.0,0.0,0.0,0.0,0.0,0.0,0.0,0.0,0.0,0.0,678.0000000000002,0.0
125,82.33333333333326,110.0,0.7484848484848478,0.5771753831890304,0.2923356467376592,0,6,none,0,2,20182.474747474742,1.0,0.7484848484848478,82.33333333333326,142.27272727272717,0.0,0.0,0.0,0.0,0.0,0.0,0.0,0.0,0.0,0.0,0.0,0.0,763.3333333333336,0.0
126,82.33333333333326,110.0,0.7484848484848478,0.5771753831890304,0.2923356467376592,2,3,none,0,2,20354.74747474747,0.6,0.9484848484848478,104.33333333333326,172.27272727272717,0.0,0.0,0.0,0.0,0.0,0.0,0.0,0.0,0.0,0.0,0.0,0.0,660.666666666667,0.0
127,23.333333333333243,110.0,0.2121212121212113,0.5771753831890304,0.2923356467376592,9,1,none,0,2,20513.838383838378,0.1,0.8606060606060597,94.66666666666657,159.09090909090895,0.0,0.0,0.0,0.0,0.0,0.0,0.0,0.0,0.0,0.0,0.0,0.0,390.66666666666697,0.0
128,93.33333333333324,110.0,0.8484848484848476,0.5771753831890304,0.2923356467376592,3,7,none,0,2,20684.74747474747,0.7,0.9393939393939386,103.33333333333324,170.9090909090908,0.0,0.0,0.0,0.0,0.0,0.0,0.0,0.0,0.0,0.0,0.0,0.0,519.3333333333336,0.0
129,56.33333333333324,110.0,0.5121212121212113,0.5771753831890304,0.2923356467376592,8,3,none,0,2,20845.202020202014,0.2727272727272727,0.869696969696969,95.66666666666659,160.45454545454535,0.0,0.0,0.0,0.0,0.0,0.0,0.0,0.0,0.0,0.0,0.0,0.0,658.0000000000002,0.0
130,50.666666666666586,110.0,0.46060606060605985,0.573751057070799,0.28755086914917555,6,7,none,0,2,21025.202020202014,0.5384615384615384,0.9999999999999992,109.99999999999991,179.9999999999999,0.0,0.0,0.0,0.0,0.0,0.0,0.0,0.0,0.0,0.0,0.0,0.0,607.3333333333335,0.0
131,99.99999999999991,110.0,0.9090909090909083,0.573751057070799,0.28755086914917555,0,8,none,0,2,21191.56565656565,1.0,0.9090909090909083,99.99999999999991,166.36363636363623,0.0,0.0,0.0,0.0,0.0,0.0,0.0,0.0,0.0,0.0,0.0,0.0,715.3333333333335,0.0
132,61.999999999999915,110.0,0.5636363636363628,0.573751057070799,0.28755086914917555,3,8,none,0,2,21371.111111111106,0.7272727272727273,0.9969696969696961,109.66666666666657,179.54545454545442,0.0,0.0,0.0,0.0,0.0,0.0,0.0,0.0,0.0,0.0,0.0,0.0,717.6666666666669,0.0
133,50.33333333333324,110.0,0.45757575757575675,0.573751057070799,0.28755086914917555,4,2,none,0,2,21540.202020202014,0.3333333333333333,0.9272727272727265,101.99999999999991,169.09090909090898,0.0,0.0,0.0,0.0,0.0,0.0,0.0,0.0,0.0,0.0,0.0,0.0,327.66666666666686,0.0
134,99.33333333333324,110.0,0.9030303030303022,0.573751057070799,0.28755086914917555,0,4,none,0,2,21705.656565656558,1.0,0.9030303030303022,99.33333333333324,165.45454545454533,0.0,0.0,0.0,0.0,0.0,0.0,0.0,0.0,0.0,0.0,0.0,0.0,383.66666666666686,0.0
135,27.999999999999915,110.0,0.2545454545454538,0.5622570928596283,0.2887676477414432,1,6,none,0,2,21884.292929292922,0.8571428571428571,0.9909090909090902,108.99999999999991,178.63636363636354,0.0,0.0,0.0,0.0,0.0,0.0,0.0,0.0,0.0,0.0,0.0,0.0,383.33333333333354,0.0
136,80.99999999999991,110.0,0.7363636363636356,0.5622570928596283,0.2887676477414432,4,7,none,0,2,22057.020202020194,0.6363636363636364,0.9515151515151506,104.66666666666657,172.7272727272726,0.0,0.0,0.0,0.0,0.0,0.0,0.0,0.0,0.0,0.0,0.0,0.0,345.6666666666669,0.0
137,104.66666666666657,110.0,0.9515151515151506,0.5622570928596283,0.2887676477414432,0,11,none,0,2,22229.747474747466,1.0,0.9515151515151506,104.66666666666657,172.7272727272726,0.0,0.0,0.0,0.0,0.0,0.0,0.0,0.0,0.0,0.0,0.0,0.0,487.66666666666686,0.0
138,23.666666666666572,110.0,0.2151515151515143,0.5622570928596283,0.2887676477414432,7,0,none,0,2,22392.929292929286,0.0,0.887878787878787,97.66666666666657,163.18181818181804,0.0,0.0,0.0,0.0,0.0,0.0,0.0,0.0,0.0,0.0,0.0,0.0,304.66666666666686,0.0
139,76.66666666666657,110.0,0.6969696969696961,0.5622570928596283,0.2887676477414432,3,6,none,0,2,22561.56565656565,0.6666666666666666,0.9242424242424234,101.66666666666657,168.6363636363635,0.0,0.0,0.0,0.0,0.0,0.0,0.0,0.0,0.0,0.0,0.0,0.0,471.66666666666686,0.0
140,73.9999999999999,110.0,0.6727272727272718,0.5654583805717476,0.284242006773285,2,5,none,0,2,22728.38383838383,0.7142857142857143,0.9121212121212112,100.33333333333323,166.81818181818167,0.0,0.0,0.0,0.0,0.0,0.0,0.0,0.0,0.0,0.0,0.0,0.0,484.66666666666686,0.0
141,51.33333333333323,110.0,0.46666666666666573,0.5654583805717476,0.284242006773285,5,1,none,0,2,22899.292929292922,0.16666666666666666,0.9393939393939384,103.33333333333323,170.90909090909076,0.0,0.0,0.0,0.0,0.0,0.0,0.0,0.0,0.0,0.0,0.0,0.0,332.00000000000017,0.0
142,54.66666666666656,110.0,0.496969696969696,0.5654583805717476,0.284242006773285,5,7,none,0,2,23057.020202020194,0.5833333333333334,0.8515151515151506,93.66666666666656,157.72727272727258,0.0,0.0,0.0,0.0,0.0,0.0,0.0,0.0,0.0,0.0,0.0,0.0,755.6666666666667,0.0
143,92.33333333333323,110.0,0.8393939393939385,0.5654583805717476,0.284242006773285,1,8,none,0,2,23214.747474747466,0.8888888888888888,0.8515151515151506,93.66666666666656,157.72727272727258,0.0,0.0,0.0,0.0,0.0,0.0,0.0,0.0,0.0,0.0,0.0,0.0,1070.0,0.0
144,41.666666666666565,110.0,0.37878787878787784,0.5654583805717476,0.284242006773285,3,5,none,0,2,23394.292929292922,0.625,0.9969696969696961,109.66666666666657,179.54545454545442,0.0,0.0,0.0,0.0,0.0,0.0,0.0,0.0,0.0,0.0,0.0,0.0,808.6666666666666,0.0
145,70.66666666666657,110.0,0.6424242424242416,0.5680555665858902,0.2798726029251781,5,2,none,0,2,23564.292929292922,0.2857142857142857,0.9333333333333325,102.66666666666657,169.99999999999986,0.0,0.0,0.0,0.0,0.0,0.0,0.0,0.0,0.0,0.0,0.0,0.0,336.0,0.0
146,51.33333333333324,110.0,0.46666666666666584,0.5680555665858902,0.2798726029251781,5,6,none,0,2,23715.202020202014,0.5454545454545454,0.8060606060606051,88.66666666666657,150.90909090909076,0.0,0.0,0.0,0.0,0.0,0.0,0.0,0.0,0.0,0.0,0.0,0.0,526.3333333333334,0.0
147,69.33333333333324,110.0,0.6303030303030295,0.5680555665858902,0.2798726029251781,3,3,none,0,2,23894.292929292922,0.5,0.9939393939393931,109.33333333333324,179.09090909090898,0.0,0.0,0.0,0.0,0.0,0.0,0.0,0.0,0.0,0.0,0.0,0.0,504.33333333333337,0.0
148,78.66666666666657,110.0,0.7151515151515143,0.5680555665858902,0.2798726029251781,4,8,none,0,2,24073.38383838383,0.6666666666666666,0.993939393939393,109.33333333333323,179.09090909090895,0.0,0.0,0.0,0.0,0.0,0.0,0.0,0.0,0.0,0.0,0.0,0.0,493.6666666666667,0.0
149,73.33333333333323,110.0,0.6666666666666657,0.5680555665858902,0.2798726029251781,3,7,none,0,2,24241.111111111102,0.7,0.9181818181818171,100.99999999999989,167.72727272727258,0.0,0.0,0.0,0.0,0.0,0.0,0.0,0.0,0.0,0.0,0.0,0.0,566.6666666666667,0.0
150,33.33333333333323,110.0,0.3030303030303021,0.5770808044599847,0.2648414219739341,6,1,none,0,2,24403.838383838374,0.14285714285714285,0.8848484848484839,97.33333333333323,162.72727272727258,0.0,0.0,0.0,0.0,0.0,0.0,0.0,0.0,0.0,0.0,0.0,0.0,490.00000000000006,0.0
151,69.33333333333323,110.0,0.6303030303030294,0.5770808044599847,0.2648414219739341,4,5,none,0,2,24583.38383838383,0.5555555555555556,0.996969696969696,109.66666666666656,179.5454545454544,0.0,0.0,0.0,0.0,0.0,0.0,0.0,0.0,0.0,0.0,0.0,0.0,533.0,0.0
152,81.99999999999989,110.0,0.7454545454545444,0.5770808044599847,0.2648414219739341,2,11,none,0,2,24763.38383838383,0.8461538461538461,0.999999999999999,109.99999999999989,179.99999999999986,0.0,0.0,0.0,0.0,0.0,0.0,0.0,0.0,0.0,0.0,0.0,0.0,368.33333333333337,0.0
153,69.66666666666654,110.0,0.6333333333333322,0.5770808044599847,0.2648414219739341,6,5,none,0,2,24936.111111111102,0.45454545454545453,0.9515151515151504,104.66666666666654,172.72727272727258,0.0,0.0,0.0,0.0,0.0,0.0,0.0,0.0,0.0,0.0,0.0,0.0,466.00000000000006,0.0
154,39.333333333333215,110.0,0.3575757575757565,0.5770808044599847,0.2648414219739341,2,11,none,0,2,25114.29292929292,0.8461538461538461,0.9878787878787868,108.66666666666654,178.18181818181802,0.0,0.0,0.0,0.0,0.0,0.0,0.0,0.0,0.0,0.0,0.0,0.0,655.3333333333334,0.0
155,104.33333333333321,110.0,0.9484848484848474,0.5762139146038983,0.265480063988462,0,6,none,0,2,25286.565656565646,1.0,0.9484848484848474,104.33333333333321,172.2727272727271,0.0,0.0,0.0,0.0,0.0,0.0,0.0,0.0,0.0,0.0,0.0,0.0,700.6666666666667,0.0
156,71.99999999999989,110.0,0.6545454545454535,0.5762139146038983,0.265480063988462,4,7,none,0,2,25460.20202020201,0.6363636363636364,0.9575757575757565,105.33333333333321,173.63636363636348,0.0,0.0,0.0,0.0,0.0,0.0,0.0,0.0,0.0,0.0,0.0,0.0,815.6666666666667,0.0
157,33.333333333333215,110.0,0.30303030303030193,0.5762139146038983,0.265480063988462,10,3,none,0,2,25637.02020202019,0.23076923076923078,0.9787878787878777,107.66666666666654,176.81818181818164,0.0,0.0,0.0,0.0,0.0,0.0,0.0,0.0,0.0,0.0,0.0,0.0,662.3333333333335,0.0
158,107.66666666666654,110.0,0.9787878787878777,0.5762139146038983,0.265480063988462,0,11,none,0,2,25813.83838383837,1.0,0.9787878787878777,107.66666666666654,176.81818181818164,0.0,0.0,0.0,0.0,0.0,0.0,0.0,0.0,0.0,0.0,0.0,0.0,597.3333333333336,0.0
159,50.66666666666654,110.0,0.46060606060605946,0.5762139146038983,0.265480063988462,4,10,none,0,2,25991.565656565643,0.7142857142857143,0.9848484848484836,108.3333333333332,177.72727272727255,0.0,0.0,0.0,0.0,0.0,0.0,0.0,0.0,0.0,0.0,0.0,0.0,809.3333333333336,0.0
160,58.999999999999865,110.0,0.5363636363636352,0.5657685244551063,0.25829674912563094,7,3,none,0,2,26170.65656565655,0.3,0.9939393939393926,109.33333333333319,179.0909090909089,0.0,0.0,0.0,0.0,0.0,0.0,0.0,0.0,0.0,0.0,0.0,0.0,894.3333333333336,0.0
161,107.99999999999986,110.0,0.9818181818181805,0.5657685244551063,0.25829674912563094,0,10,none,0,2,26347.92929292928,1.0,0.9818181818181805,107.99999999999986,177.27272727272708,0.0,0.0,0.0,0.0,0.0,0.0,0.0,0.0,0.0,0.0,0.0,0.0,928.0000000000002,0.0
162,51.66666666666653,110.0,0.46969696969696845,0.5657685244551063,0.25829674912563094,5,0,none,0,2,26482.474747474735,0.0,0.6969696969696957,76.66666666666653,134.54545454545433,0.0,0.0,0.0,0.0,0.0,0.0,0.0,0.0,0.0,0.0,0.0,0.0,513.0000000000002,0.0
163,26.3333333333332,110.0,0.2393939393939382,0.5657685244551063,0.25829674912563094,1,10,none,0,2,26658.83838383837,0.9090909090909091,0.9757575757575746,107.3333333333332,176.3636363636362,0.0,0.0,0.0,0.0,0.0,0.0,0.0,0.0,0.0,0.0,0.0,0.0,687.666666666667,0.0
164,105.99999999999987,110.0,0.9636363636363625,0.5657685244551063,0.25829674912563094,0,6,none,0,2,26833.383838383827,1.0,0.9636363636363625,105.99999999999987,174.5454545454544,0.0,0.0,0.0,0.0,0.0,0.0,0.0,0.0,0.0,0.0,0.0,0.0,702.666666666667,0.0
165,83.66666666666654,110.0,0.7606060606060595,0.5844918198632738,0.2500071904033455,2,5,none,0,2,27013.383838383827,0.7142857142857143,0.9999999999999989,109.99999999999987,179.99999999999983,0.0,0.0,0.0,0.0,0.0,0.0,0.0,0.0,0.0,0.0,0.0,0.0,622.3333333333337,0.0
166,26.3333333333332,110.0,0.2393939393939382,0.5844918198632738,0.2500071904033455,3,3,none,0,2,27125.202020202007,0.5,0.5454545454545442,59.999999999999865,111.81818181818163,0.0,0.0,0.0,0.0,0.0,0.0,0.0,0.0,0.0,0.0,0.0,0.0,665.666666666667,0.0
167,34.999999999999865,110.0,0.31818181818181696,0.5844918198632738,0.2500071904033455,4,6,none,0,2,27300.65656565655,0.6,0.9696969696969683,106.66666666666652,175.45454545454524,0.0,0.0,0.0,0.0,0.0,0.0,0.0,0.0,0.0,0.0,0.0,0.0,592.0000000000003,0.0
168,81.66666666666652,110.0,0.7424242424242411,0.5844918198632738,0.2500071904033455,5,5,none,0,2,27479.74747474746,0.5,0.9939393939393925,109.33333333333317,179.09090909090887,0.0,0.0,0.0,0.0,0.0,0.0,0.0,0.0,0.0,0.0,0.0,0.0,750.3333333333337,0.0
169,99.33333333333317,110.0,0.9030303030303015,0.5844918198632738,0.2500071904033455,0,8,none,0,2,27645.202020202003,1.0,0.9030303030303015,99.33333333333317,165.45454545454524,0.0,0.0,0.0,0.0,0.0,0.0,0.0,0.0,0.0,0.0,0.0,0.0,731.3333333333337,0.0
170,30.333333333333172,110.0,0.2757575757575743,0.5871105772963044,0.2463855038034372,5,1,none,0,2,27798.38383838382,0.16666666666666666,0.8212121212121197,90.33333333333317,153.18181818181796,0.0,0.0,0.0,0.0,0.0,0.0,0.0,0.0,0.0,0.0,0.0,0.0,456.3333333333337,0.0
171,63.99999999999984,110.0,0.5818181818181803,0.5871105772963044,0.2463855038034372,4,8,none,0,2,27977.929292929275,0.6666666666666666,0.9969696969696953,109.66666666666649,179.5454545454543,0.0,0.0,0.0,0.0,0.0,0.0,0.0,0.0,0.0,0.0,0.0,0.0,697.6666666666671,0.0
172,80.66666666666649,110.0,0.7333333333333317,0.5871105772963044,0.2463855038034372,3,3,none,0,2,28157.929292929275,0.5,0.9999999999999983,109.99999999999982,179.99999999999974,0.0,0.0,0.0,0.0,0.0,0.0,0.0,0.0,0.0,0.0,0.0,0.0,421.6666666666671,0.0
173,49.999999999999815,110.0,0.45454545454545286,0.5871105772963044,0.2463855038034372,2,3,none,0,2,28275.202020202003,0.6,0.5818181818181801,63.999999999999815,117.27272727272702,0.0,0.0,0.0,0.0,0.0,0.0,0.0,0.0,0.0,0.0,0.0,0.0,591.6666666666671,0.0
174,20.999999999999815,110.0,0.19090909090908922,0.5871105772963044,0.2463855038034372,2,2,none,0,2,28431.56565656564,0.5,0.8424242424242407,92.66666666666649,156.36363636363612,0.0,0.0,0.0,0.0,0.0,0.0,0.0,0.0,0.0,0.0,0.0,0.0,434.33333333333377,0.0
175,86.99999999999982,110.0,0.7909090909090892,0.5952946300975539,0.24703489418322233,5,7,none,0,2,28607.020202020183,0.5833333333333334,0.9696969696969681,106.66666666666649,175.4545454545452,0.0,0.0,0.0,0.0,0.0,0.0,0.0,0.0,0.0,0.0,0.0,0.0,298.3333333333337,0.0
176,91.33333333333316,110.0,0.8303030303030287,0.5952946300975539,0.24703489418322233,2,2,none,0,2,28784.29292929291,0.5,0.9818181818181803,107.99999999999983,177.27272727272702,0.0,0.0,0.0,0.0,0.0,0.0,0.0,0.0,0.0,0.0,0.0,0.0,286.666666666667,0.0
177,36.33333333333316,110.0,0.3303030303030287,0.5952946300975539,0.24703489418322233,5,6,none,0,2,28949.29292929291,0.5454545454545454,0.8999999999999984,98.99999999999982,164.99999999999974,0.0,0.0,0.0,0.0,0.0,0.0,0.0,0.0,0.0,0.0,0.0,0.0,491.0000000000004,0.0
178,81.99999999999982,110.0,0.7454545454545438,0.5952946300975539,0.24703489418322233,4,2,none,0,2,29129.29292929291,0.3333333333333333,0.9999999999999983,109.99999999999982,179.99999999999974,0.0,0.0,0.0,0.0,0.0,0.0,0.0,0.0,0.0,0.0,0.0,0.0,363.3333333333337,0.0
179,90.66666666666649,110.0,0.8242424242424226,0.5952946300975539,0.24703489418322233,2,6,none,0,2,29309.29292929291,0.75,0.9999999999999983,109.99999999999982,179.99999999999974,0.0,0.0,0.0,0.0,0.0,0.0,0.0,0.0,0.0,0.0,0.0,0.0,335.0000000000004,0.0
180,48.66666666666649,110.0,0.4424242424242408,0.6044862747676008,0.23365583305652957,4,7,none,0,2,29484.29292929291,0.6363636363636364,0.9666666666666648,106.33333333333313,174.99999999999972,0.0,0.0,0.0,0.0,0.0,0.0,0.0,0.0,0.0,0.0,0.0,0.0,481.6666666666671,0.0
181,78.33333333333313,110.0,0.7121212121212103,0.6044862747676008,0.23365583305652957,2,4,none,0,2,29657.020202020183,0.6666666666666666,0.9515151515151496,104.66666666666646,172.72727272727244,0.0,0.0,0.0,0.0,0.0,0.0,0.0,0.0,0.0,0.0,0.0,0.0,382.33333333333377,0.0
182,85.33333333333313,110.0,0.7757575757575739,0.6044862747676008,0.23365583305652957,4,3,none,0,2,29835.656565656547,0.42857142857142855,0.990909090909089,108.99999999999979,178.63636363636334,0.0,0.0,0.0,0.0,0.0,0.0,0.0,0.0,0.0,0.0,0.0,0.0,446.33333333333377,0.0
183,26.33333333333313,110.0,0.23939393939393755,0.6044862747676008,0.23365583305652957,9,1,none,0,2,30010.656565656547,0.1,0.9666666666666648,106.33333333333313,174.99999999999972,0.0,0.0,0.0,0.0,0.0,0.0,0.0,0.0,0.0,0.0,0.0,0.0,281.66666666666714,0.0
184,104.9999999999998,110.0,0.9545454545454527,0.6044862747676008,0.23365583305652957,0,6,none,0,2,30183.838383838363,1.0,0.9545454545454527,104.9999999999998,173.1818181818179,0.0,0.0,0.0,0.0,0.0,0.0,0.0,0.0,0.0,0.0,0.0,0.0,261.3333333333338,0.0
185,57.66666666666647,110.0,0.5242424242424225,0.5988426632574901,0.23415627265131556,4,3,none,0,2,30337.92929292927,0.42857142857142855,0.8272727272727255,90.9999999999998,154.09090909090884,0.0,0.0,0.0,0.0,0.0,0.0,0.0,0.0,0.0,0.0,0.0,0.0,379.66666666666714,0.0
186,34.666666666666465,110.0,0.3151515151515133,0.5988426632574901,0.23415627265131556,7,5,none,0,2,30517.02020202018,0.4166666666666667,0.9939393939393922,109.33333333333314,179.09090909090884,0.0,0.0,0.0,0.0,0.0,0.0,0.0,0.0,0.0,0.0,0.0,0.0,637.3333333333338,0.0
187,107.99999999999982,110.0,0.9818181818181801,0.5988426632574901,0.23415627265131556,0,10,none,0,2,30694.292929292908,1.0,0.9818181818181801,107.99999999999982,177.27272727272702,0.0,0.0,0.0,0.0,0.0,0.0,0.0,0.0,0.0,0.0,0.0,0.0,642.3333333333338,0.0
188,75.99999999999982,110.0,0.6909090909090893,0.5988426632574901,0.23415627265131556,4,9,none,0,2,30872.02020202018,0.6923076923076923,0.9848484848484833,108.33333333333316,177.7272727272725,0.0,0.0,0.0,0.0,0.0,0.0,0.0,0.0,0.0,0.0,0.0,0.0,858.6666666666671,0.0
189,33.6666666666665,110.0,0.30606060606060453,0.5988426632574901,0.23415627265131556,5,1,none,0,2,31020.202020201996,0.16666666666666666,0.7878787878787864,86.6666666666665,148.18181818181796,0.0,0.0,0.0,0.0,0.0,0.0,0.0,0.0,0.0,0.0,0.0,0.0,466.00000000000045,0.0
190,85.33333333333317,110.0,0.7757575757575743,0.6146832019445502,0.22394824894968288,3,8,none,0,2,31197.020202020176,0.7272727272727273,0.9787878787878773,107.6666666666665,176.81818181818159,0.0,0.0,0.0,0.0,0.0,0.0,0.0,0.0,0.0,0.0,0.0,0.0,653.6666666666672,0.0
191,50.333333333333165,110.0,0.457575757575756,0.6146832019445502,0.22394824894968288,4,5,none,0,2,31361.56565656563,0.5555555555555556,0.8969696969696954,98.6666666666665,164.5454545454543,0.0,0.0,0.0,0.0,0.0,0.0,0.0,0.0,0.0,0.0,0.0,0.0,757.3333333333338,0.0
192,71.99999999999983,110.0,0.654545454545453,0.6146832019445502,0.22394824894968288,1,2,none,0,2,31514.292929292904,0.6666666666666666,0.8181818181818167,89.99999999999983,152.72727272727252,0.0,0.0,0.0,0.0,0.0,0.0,0.0,0.0,0.0,0.0,0.0,0.0,381.0000000000005,0.0
193,42.6666666666665,110.0,0.3878787878787864,0.6146832019445502,0.22394824894968288,3,2,none,0,2,31642.47474747472,0.4,0.6545454545454531,71.99999999999984,128.18181818181796,0.0,0.0,0.0,0.0,0.0,0.0,0.0,0.0,0.0,0.0,0.0,0.0,287.0000000000005,0.0
194,48.66666666666651,110.0,0.442424242424241,0.6146832019445502,0.22394824894968288,6,1,none,0,2,31785.202020201992,0.14285714285714285,0.7515151515151501,82.66666666666652,142.72727272727252,0.0,0.0,0.0,0.0,0.0,0.0,0.0,0.0,0.0,0.0,0.0,0.0,238.0000000000005,0.0
195,63.33333333333319,110.0,0.5757575757575745,0.6237422646294822,0.21518501443631585,2,1,none,0,2,31905.202020201992,0.3333333333333333,0.5999999999999985,65.99999999999984,119.99999999999979,0.0,0.0,0.0,0.0,0.0,0.0,0.0,0.0,0.0,0.0,0.0,0.0,264.3333333333338,0.0
196,36.66666666666651,110.0,0.33333333333333187,0.6237422646294822,0.21518501443631585,8,5,none,0,2,32085.202020201992,0.38461538461538464,0.9999999999999984,109.99999999999983,179.99999999999977,0.0,0.0,0.0,0.0,0.0,0.0,0.0,0.0,0.0,0.0,0.0,0.0,332.3333333333338,0.0
197,77.33333333333316,110.0,0.7030303030303015,0.6237422646294822,0.21518501443631585,3,3,none,0,2,32251.111111111084,0.5,0.9060606060606045,99.66666666666649,165.90909090909068,0.0,0.0,0.0,0.0,0.0,0.0,0.0,0.0,0.0,0.0,0.0,0.0,473.66666666666714,0.0
198,98.33333333333316,110.0,0.8939393939393924,0.6237422646294822,0.21518501443631585,3,8,none,0,2,32431.111111111084,0.7272727272727273,0.9999999999999984,109.99999999999983,179.99999999999977,0.0,0.0,0.0,0.0,0.0,0.0,0.0,0.0,0.0,0.0,0.0,0.0,786.6666666666672,0.0
199,35.33333333333317,110.0,0.32121212121211973,0.6237422646294822,0.21518501443631585,4,1,none,0,2,32564.2929292929,0.2,0.6878787878787864,75.6666666666665,133.18181818181796,0.0,0.0,0.0,0.0,0.0,0.0,0.0,0.0,0.0,0.0,0.0,0.0,702.6666666666672,0.0
