t,active_cpu_fog,fog_capacity,pressure,predicted_pressure,prediction_uncertainty,tasks_placed_fog,tasks_placed_cloud,arrivals,scale_decision,scale_up_total,scale_down_total,energy_joules_cumul,energy_tick,offload_ratio,active_fog_nodes,overloaded,fog_f0_p,fog_f0_load,fog_f0_power,fog_f0_active,fog_f1_p,fog_f1_load,fog_f1_power,fog_f1_active,fog_f2_p,fog_f2_load,fog_f2_power,fog_f2_active,fog_f3_p,fog_f3_load,fog_f3_power,fog_f3_active,fog_f4_p,fog_f4_load,fog_f4_power,fog_f4_active,cloud_c0_load,cloud_c1_load
0,175.33333333333334,235.0,0.7460992907801419,0.0,0.08,10,0,10,none,0,0,290.3737373737374,290.3737373737374,0.0,3,0,0.8454545454545455,93.0,156.8181818181818,1,0.6733333333333335,33.66666666666667,48.66666666666667,1,0.0,0.0,0.0,0,0.0,0.0,0.0,0,0.648888888888889,48.66666666666667,84.8888888888889,1,0.0,0.0
1,187.0,235.0,0.7957446808510639,0.2611347517730497,0.08,3,2,5,none,0,0,595.3939393939395,305.020202020202,0.4,3,0,0.8727272727272727,96.0,160.9090909090909,1,0.7333333333333334,36.66666666666667,51.66666666666667,1,0.0,0.0,0.0,0,0.0,0.0,0.0,0,0.7244444444444444,54.333333333333336,92.44444444444444,1,50.0,0.0
2,123.33333333333334,235.0,0.5248226950354611,0.2620780141843972,0.08,8,3,11,none,0,0,820.9595959595961,225.56565656565658,0.2727272727272727,3,0,0.5696969696969697,62.666666666666664,115.45454545454545,1,0.3466666666666668,17.33333333333334,32.33333333333334,1,0.0,0.0,0.0,0,0.0,0.0,0.0,0,0.5777777777777778,43.333333333333336,77.77777777777779,1,140.0,210.0
3,194.66666666666666,235.0,0.8283687943262411,0.2790741134751773,0.08,8,4,12,none,0,0,1135.3737373737374,314.4141414141414,0.3333333333333333,3,0,0.8909090909090908,97.99999999999999,163.63636363636363,1,0.7866666666666668,39.33333333333334,54.33333333333334,1,0.0,0.0,0.0,0,0.0,0.0,0.0,0,0.7644444444444445,57.333333333333336,96.44444444444444,1,261.0,390.0
4,186.0,235.0,0.7914893617021277,0.4167173226950354,0.08,4,1,5,none,0,0,1439.2323232323233,303.85858585858585,0.2,3,0,0.8909090909090908,97.99999999999999,163.63636363636363,1,0.7266666666666669,36.33333333333334,51.33333333333334,1,0.0,0.0,0.0,0,0.0,0.0,0.0,0,0.688888888888889,51.66666666666667,88.8888888888889,1,261.0,295.0
5,177.33333333333334,235.0,0.7546099290780143,0.4232776072695035,0.08,5,2,7,none,0,0,1733.1212121212122,293.88888888888886,0.2857142857142857,3,0,0.7999999999999998,87.99999999999999,149.99999999999997,1,0.6133333333333335,30.666666666666675,45.66666666666667,1,0.0,0.0,0.0,0,0.0,0.0,0.0,0,0.7822222222222223,58.66666666666667,98.22222222222223,1,337.0,205.0
6,168.66666666666666,235.0,0.7177304964539006,0.42853470004432626,0.08,6,3,9,none,0,0,2015.1212121212122,282.0,0.3333333333333333,3,0,0.7333333333333333,80.66666666666666,140.0,1,0.6200000000000001,31.000000000000007,46.00000000000001,1,0.0,0.0,0.0,0,0.0,0.0,0.0,0,0.76,57.0,96.0,1,232.0,220.0
7,132.0,235.0,0.5617021276595745,0.4528028741777482,0.08,4,0,4,none,0,0,2250.757575757576,235.63636363636363,0.0,3,0,0.4909090909090908,53.999999999999986,103.63636363636363,1,0.4200000000000001,21.000000000000004,36.0,1,0.0,0.0,0.0,0,0.0,0.0,0.0,0,0.76,57.0,96.0,1,132.0,220.0
8,144.66666666666666,235.0,0.6156028368794326,0.41446371218716754,0.08,8,0,8,none,0,0,2503.161616161616,252.40404040404036,0.0,3,0,0.7212121212121211,79.33333333333331,138.18181818181816,1,0.4733333333333334,23.666666666666668,38.66666666666667,1,0.0,0.0,0.0,0,0.0,0.0,0.0,0,0.5555555555555555,41.666666666666664,75.55555555555554,1,66.0,0.0
9,181.33333333333331,235.0,0.7716312056737588,0.387060987389744,0.08,8,1,9,none,0,0,2801.5555555555557,298.3939393939394,0.1111111111111111,3,0,0.7848484848484847,86.33333333333331,147.7272727272727,1,0.66,33.0,48.0,1,0.0,0.0,0.0,0,0.0,0.0,0.0,0,0.8266666666666665,61.99999999999999,102.66666666666666,1,0.0,66.0
10,218.66666666666663,235.0,0.930496453900709,0.5052775850657449,0.08,6,2,8,none,0,0,3145.717171717172,344.16161616161617,0.25,3,0,0.9484848484848483,104.33333333333331,172.27272727272725,1,0.9333333333333335,46.66666666666667,61.66666666666667,1,0.0,0.0,0.0,0,0.0,0.0,0.0,0,0.9022222222222221,67.66666666666666,110.22222222222221,1,51.333333333333336,166.0
11,210.33333333333331,235.0,0.8950354609929078,0.448055423760648,0.1916454600895874,5,1,6,none,0,0,3480.1414141414143,334.4242424242424,0.16666666666666666,3,0,0.9606060606060606,105.66666666666666,174.0909090909091,1,0.8533333333333334,42.66666666666667,57.66666666666667,1,0.0,0.0,0.0,0,0.0,0.0,0.0,0,0.8266666666666665,61.99999999999999,102.66666666666666,1,171.33333333333334,166.0
12,166.33333333333331,235.0,0.7078014184397162,0.4568905761512716,0.18851781490811723,5,3,8,none,0,0,3761.2828282828286,281.1414141414141,0.375,3,0,0.909090909090909,99.99999999999999,166.36363636363635,1,0.5200000000000001,26.000000000000007,41.00000000000001,1,0.0,0.0,0.0,0,0.0,0.0,0.0,0,0.5377777777777778,40.333333333333336,73.77777777777777,1,361.33333333333337,90.0
13,210.33333333333331,235.0,0.8950354609929078,0.46470149608585215,0.18320161321488604,8,2,10,none,0,0,4095.1717171717173,333.88888888888886,0.2,3,0,0.9999999999999999,109.99999999999999,179.99999999999997,1,0.8933333333333334,44.66666666666667,59.66666666666667,1,0.0,0.0,0.0,0,0.0,0.0,0.0,0,0.7422222222222223,55.66666666666667,94.22222222222223,1,215.00000000000003,118.33333333333333
14,206.0,235.0,0.8765957446808511,0.4678501450438975,0.17860178135360455,6,1,7,none,0,0,4424.121212121212,328.9494949494949,0.14285714285714285,3,0,0.9848484848484848,108.33333333333333,177.72727272727272,1,0.8400000000000002,42.00000000000001,57.00000000000001,1,0.0,0.0,0.0,0,0.0,0.0,0.0,0,0.7422222222222223,55.66666666666667,94.22222222222223,1,181.00000000000003,118.33333333333333
15,221.0,235.0,0.9404255319148936,0.4735332601269379,0.17901011992859925,6,4,10,none,0,0,4773.070707070707,348.9494949494949,0.4,3,0,0.9848484848484848,108.33333333333333,177.72727272727272,1,0.8400000000000002,42.00000000000001,57.00000000000001,1,0.0,0.0,0.0,0,0.0,0.0,0.0,0,0.9422222222222223,70.66666666666667,114.22222222222223,1,306.0,167.99999999999997
16,192.66666666666669,235.0,0.8198581560283689,0.48640920305260965,0.18132707951495255,4,1,5,none,0,0,5085.707070707071,312.6363636363636,0.2,3,0,0.9575757575757575,105.33333333333333,173.63636363636363,1,0.7466666666666668,37.33333333333334,52.33333333333334,1,0.0,0.0,0.0,0,0.0,0.0,0.0,0,0.6666666666666666,50.0,86.66666666666666,1,396.0,139.66666666666663
17,197.66666666666669,235.0,0.8411347517730497,0.48860323043048665,0.18136392362769813,9,2,11,none,0,0,5405.717171717171,320.01010101010104,0.18181818181818182,3,0,0.903030303030303,99.33333333333333,165.45454545454544,1,0.6933333333333336,34.66666666666668,49.66666666666668,1,0.0,0.0,0.0,0,0.0,0.0,0.0,0,0.8488888888888888,63.666666666666664,104.88888888888889,1,90.0,147.66666666666663
18,215.33333333333334,235.0,0.9163120567375886,0.47410723236425056,0.1828568173066206,4,6,10,none,0,0,5747.929292929292,342.21212121212125,0.6,3,0,0.9303030303030303,102.33333333333333,169.54545454545453,1,0.7800000000000002,39.000000000000014,54.000000000000014,1,0.0,0.0,0.0,0,0.0,0.0,0.0,0,0.9866666666666667,74.0,118.66666666666667,1,346.33333333333337,154.33333333333331
19,185.0,235.0,0.7872340425531915,0.49673321774491935,0.18493040317783682,3,0,3,none,0,0,6052.919191919192,304.98989898989896,0.0,3,0,0.9303030303030303,102.33333333333333,169.54545454545453,1,0.5866666666666669,29.333333333333343,44.33333333333334,1,0.0,0.0,0.0,0,0.0,0.0,0.0,0,0.711111111111111,53.33333333333333,91.1111111111111,1,256.33333333333337,154.33333333333331
20,137.66666666666669,235.0,0.5858156028368795,0.49789559549379403,0.18287984714154087,6,0,6,none,0,0,6293.696969696969,240.77777777777777,0.0,3,0,0.6,66.0,120.0,1,0.5866666666666669,29.333333333333343,44.33333333333334,1,0.0,0.0,0.0,0,0.0,0.0,0.0,0,0.5644444444444444,42.33333333333333,76.44444444444444,1,231.33333333333337,46.333333333333314
21,187.33333333333334,235.0,0.7971631205673759,0.49789559549379403,0.18287984714154087,7,1,8,none,0,0,6601.030303030302,307.33333333333337,0.125,3,0,0.8,88.0,150.0,1,0.6066666666666669,30.333333333333343,45.33333333333334,1,0.0,0.0,0.0,0,0.0,0.0,0.0,0,0.92,69.0,112.0,1,2.842170943040401e-14,51.333333333333336
22,185.66666666666669,235.0,0.7900709219858156,0.49789559549379403,0.18287984714154087,7,3,10,none,0,0,6906.393939393938,305.3636363636364,0.3,3,0,0.8757575757575757,96.33333333333333,161.36363636363637,1,0.6066666666666669,30.333333333333343,45.33333333333334,1,0.0,0.0,0.0,0,0.0,0.0,0.0,0,0.7866666666666666,59.0,98.66666666666666,1,100.00000000000003,176.33333333333334
23,175.66666666666669,235.0,0.747517730496454,0.49789559549379403,0.18287984714154087,3,1,4,none,0,0,7198.121212121211,291.72727272727275,0.25,3,0,0.7848484848484848,86.33333333333333,147.72727272727272,1,0.6066666666666669,30.333333333333343,45.33333333333334,1,0.0,0.0,0.0,0,0.0,0.0,0.0,0,0.7866666666666666,59.0,98.66666666666666,1,166.00000000000003,176.33333333333334
24,116.66666666666667,235.0,0.49645390070921985,0.49789559549379403,0.18287984714154087,6,4,10,none,0,0,7412.161616161615,214.04040404040404,0.4,3,0,0.5454545454545454,60.0,111.81818181818181,1,0.5000000000000001,25.000000000000007,40.00000000000001,1,0.0,0.0,0.0,0,0.0,0.0,0.0,0,0.4222222222222222,31.666666666666668,62.22222222222222,1,267.0,147.0
25,160.33333333333334,235.0,0.6822695035460993,0.47859301925704456,0.1789230707499219,7,3,10,none,0,0,7684.919191919191,272.75757575757575,0.3,3,0,0.8606060606060605,94.66666666666666,159.09090909090907,1,0.5333333333333335,26.666666666666675,41.66666666666668,1,0.0,0.0,0.0,0,0.0,0.0,0.0,0,0.5200000000000001,39.00000000000001,72.00000000000001,1,408.3333333333333,228.0
26,193.66666666666669,235.0,0.824113475177305,0.47859301925704456,0.1789230707499219,9,3,12,none,0,0,8000.040404040403,315.1212121212121,0.25,3,0,0.9696969696969696,106.66666666666666,175.45454545454544,1,0.6800000000000002,34.00000000000001,49.00000000000001,1,0.0,0.0,0.0,0,0.0,0.0,0.0,0,0.7066666666666668,53.00000000000001,90.66666666666667,1,369.3333333333333,279.3333333333333
27,120.0,235.0,0.5106382978723404,0.47859301925704456,0.1789230707499219,2,4,6,none,0,0,8222.737373737373,222.6969696969697,0.6666666666666666,3,0,0.7424242424242423,81.66666666666666,141.36363636363635,1,0.28666666666666685,14.333333333333341,29.333333333333343,1,0.0,0.0,0.0,0,0.0,0.0,0.0,0,0.3200000000000001,24.000000000000007,52.000000000000014,1,478.3333333333333,322.3333333333333
28,155.33333333333334,235.0,0.6609929078014185,0.47859301925704456,0.1789230707499219,4,1,5,none,0,0,8488.888888888889,266.1515151515152,0.2,3,0,0.5787878787878787,63.66666666666666,116.81818181818181,1,0.4733333333333335,23.666666666666675,38.66666666666667,1,0.0,0.0,0.0,0,0.0,0.0,0.0,0,0.9066666666666668,68.00000000000001,110.66666666666669,1,388.3333333333333,241.33333333333331
29,107.66666666666669,235.0,0.45815602836879443,0.47859301925704456,0.1789230707499219,3,0,3,none,0,0,8693.656565656565,204.7676767676768,0.0,3,0,0.36363636363636365,40.0,84.54545454545455,1,0.30000000000000016,15.000000000000007,30.000000000000007,1,0.0,0.0,0.0,0,0.0,0.0,0.0,0,0.7022222222222224,52.66666666666668,90.22222222222224,1,141.33333333333331,89.99999999999997
30,193.33333333333334,235.0,0.822695035460993,0.4667779648289763,0.16966795243852517,8,3,11,none,0,0,9010.171717171717,316.51515151515156,0.2727272727272727,3,0,0.8545454545454545,94.0,158.1818181818182,1,0.5466666666666667,27.33333333333334,42.333333333333336,1,0.0,0.0,0.0,0,0.0,0.0,0.0,0,0.9600000000000002,72.00000000000001,116.00000000000001,1,76.33333333333331,148.33333333333334
31,160.00000000000003,235.0,0.6808510638297873,0.4667779648289763,0.16966795243852517,3,5,8,none,0,0,9282.68686868687,272.51515151515156,0.625,3,0,0.8545454545454545,94.0,158.1818181818182,1,0.5200000000000001,26.000000000000007,41.00000000000001,1,0.0,0.0,0.0,0,0.0,0.0,0.0,0,0.5333333333333335,40.000000000000014,73.33333333333336,1,164.66666666666663,329.3333333333333
32,159.33333333333334,235.0,0.6780141843971632,0.4667779648289763,0.16966795243852517,9,3,12,none,0,0,9553.353535353535,270.6666666666667,0.25,3,0,0.7333333333333333,80.66666666666666,140.0,1,0.5533333333333335,27.66666666666667,42.66666666666667,1,0.0,0.0,0.0,0,0.0,0.0,0.0,0,0.6800000000000002,51.000000000000014,88.00000000000001,1,329.66666666666663,260.66666666666663
33,217.0,235.0,0.9234042553191489,0.4667779648289763,0.16966795243852517,4,6,10,none,0,0,9895.808080808081,342.4545454545455,0.6,3,0,0.9363636363636364,103.0,170.45454545454547,1,0.9,45.0,60.0,1,0.0,0.0,0.0,0,0.0,0.0,0.0,0,0.9200000000000002,69.00000000000001,112.00000000000001,1,247.66666666666663,391.33333333333326
34,192.66666666666669,235.0,0.8198581560283689,0.4667779648289763,0.16966795243852517,2,2,4,none,0,0,10208.929292929293,313.1212121212121,0.5,3,0,0.9363636363636364,103.0,170.45454545454547,1,0.7133333333333333,35.666666666666664,50.666666666666664,1,0.0,0.0,0.0,0,0.0,0.0,0.0,0,0.7200000000000001,54.00000000000001,92.00000000000001,1,132.99999999999997,330.33333333333326
35,134.0,235.0,0.5702127659574469,0.47423270956673114,0.16659601830127652,3,1,4,none,0,0,10443.727272727274,234.7979797979798,0.25,3,0,0.606060606060606,66.66666666666666,120.90909090909089,1,0.6533333333333333,32.666666666666664,47.666666666666664,1,0.0,0.0,0.0,0,0.0,0.0,0.0,0,0.4622222222222223,34.66666666666667,66.22222222222223,1,42.99999999999997,368.99999999999994
36,131.33333333333331,235.0,0.5588652482269503,0.47423270956673114,0.16659601830127652,7,0,7,none,0,0,10679.88888888889,236.1616161616161,0.0,3,0,0.6484848484848483,71.33333333333331,127.27272727272725,1,0.36666666666666664,18.333333333333332,33.33333333333333,1,0.0,0.0,0.0,0,0.0,0.0,0.0,0,0.5555555555555556,41.66666666666667,75.55555555555556,1,1.3333333333333002,89.99999999999994
37,204.33333333333331,235.0,0.8695035460992907,0.47423270956673114,0.16659601830127652,8,1,9,none,0,0,11008.141414141415,328.25252525252523,0.1111111111111111,3,0,0.9757575757575756,107.33333333333331,176.36363636363635,1,0.7466666666666667,37.333333333333336,52.333333333333336,1,0.0,0.0,0.0,0,0.0,0.0,0.0,0,0.7955555555555556,59.66666666666667,99.55555555555556,1,25.0,89.99999999999994
38,202.66666666666666,235.0,0.8624113475177304,0.47423270956673114,0.16659601830127652,3,6,9,none,0,0,11333.78787878788,325.64646464646466,0.6666666666666666,3,0,0.8606060606060604,94.66666666666664,159.09090909090907,1,0.7466666666666667,37.333333333333336,52.333333333333336,1,0.0,0.0,0.0,0,0.0,0.0,0.0,0,0.9422222222222223,70.66666666666667,114.22222222222223,1,254.33333333333331,210.66666666666666
39,196.33333333333334,235.0,0.8354609929078015,0.47423270956673114,0.16659601830127652,8,3,11,none,0,0,11654.434343434345,320.64646464646466,0.2727272727272727,3,0,0.8939393939393939,98.33333333333333,164.0909090909091,1,0.5466666666666666,27.333333333333332,42.33333333333333,1,0.0,0.0,0.0,0,0.0,0.0,0.0,0,0.9422222222222223,70.66666666666667,114.22222222222223,1,294.0,235.66666666666666
40,165.66666666666666,235.0,0.7049645390070921,0.4831318113735388,0.15719440085496988,3,5,8,none,0,0,11932.969696969698,278.5353535353535,0.625,3,0,0.793939393939394,87.33333333333333,149.0909090909091,1,0.6,30.0,45.0,1,0.0,0.0,0.0,0,0.0,0.0,0.0,0,0.6444444444444445,48.333333333333336,84.44444444444444,1,414.66666666666663,416.66666666666663
41,223.0,235.0,0.948936170212766,0.4831318113735388,0.15719440085496988,6,9,15,none,0,0,12281.898989898991,348.92929292929296,0.6,3,0,0.9454545454545454,104.0,171.8181818181818,1,0.9933333333333334,49.66666666666667,64.66666666666667,1,0.0,0.0,0.0,0,0.0,0.0,0.0,0,0.9244444444444446,69.33333333333334,112.44444444444446,1,593.3333333333333,368.3333333333333
42,214.0,235.0,0.9106382978723404,0.4831318113735388,0.15719440085496988,6,3,9,none,0,0,12618.767676767678,336.8686868686869,0.3333333333333333,3,0,0.9272727272727272,102.0,169.0909090909091,1,0.9933333333333334,49.66666666666667,64.66666666666667,1,0.0,0.0,0.0,0,0.0,0.0,0.0,0,0.8311111111111112,62.33333333333334,103.11111111111113,1,458.66666666666663,408.0
43,208.66666666666669,235.0,0.8879432624113476,0.4831318113735388,0.15719440085496988,5,0,5,none,0,0,12951.636363636366,332.8686868686869,0.0,3,0,0.9272727272727272,102.0,169.0909090909091,1,0.8066666666666669,40.33333333333334,55.33333333333334,1,0.0,0.0,0.0,0,0.0,0.0,0.0,0,0.8844444444444446,66.33333333333334,108.44444444444446,1,338.0,202.0
44,206.0,235.0,0.8765957446808511,0.4831318113735388,0.15719440085496988,6,5,11,none,0,0,13282.9696969697,331.33333333333337,0.45454545454545453,3,0,0.9666666666666667,106.33333333333333,175.0,1,0.6933333333333335,34.66666666666667,49.66666666666667,1,0.0,0.0,0.0,0,0.0,0.0,0.0,0,0.8666666666666668,65.00000000000001,106.66666666666669,1,102.66666666666667,182.66666666666666
45,193.33333333333337,235.0,0.8226950354609931,0.49176842017447825,0.14551032059788888,7,1,8,none,0,0,13596.9797979798,314.01010101010104,0.125,3,0,0.8363636363636363,92.0,155.45454545454544,1,0.6933333333333335,34.66666666666667,49.66666666666667,1,0.0,0.0,0.0,0,0.0,0.0,0.0,0,0.8888888888888892,66.66666666666669,108.88888888888891,1,202.66666666666669,143.0
46,211.33333333333337,235.0,0.8992907801418442,0.49176842017447825,0.14551032059788888,7,7,14,none,0,0,13932.757575757578,335.7777777777778,0.5,3,0,1.0,110.0,180.0,1,0.86,43.0,58.0,1,0.0,0.0,0.0,0,0.0,0.0,0.0,0,0.7777777777777781,58.33333333333336,97.77777777777781,1,438.3333333333333,187.33333333333334
47,225.66666666666669,235.0,0.9602836879432625,0.49176842017447825,0.14551032059788888,4,2,6,none,0,0,14285.202020202023,352.44444444444446,0.3333333333333333,3,0,0.9666666666666667,106.33333333333333,175.0,1,1.0,50.0,65.0,1,0.0,0.0,0.0,0,0.0,0.0,0.0,0,0.9244444444444447,69.33333333333336,112.44444444444447,1,235.66666666666663,369.33333333333337
48,213.33333333333337,235.0,0.9078014184397165,0.49176842017447825,0.14551032059788888,5,8,13,none,0,0,14621.171717171721,335.969696969697,0.6153846153846154,3,0,0.9575757575757576,105.33333333333334,173.63636363636365,1,1.0,50.0,65.0,1,0.0,0.0,0.0,0,0.0,0.0,0.0,0,0.7733333333333337,58.00000000000002,97.33333333333337,1,506.3333333333333,355.33333333333337
49,185.33333333333337,235.0,0.7886524822695037,0.49176842017447825,0.14551032059788888,5,0,5,none,0,0,14923.818181818186,302.64646464646466,0.0,3,0,0.893939393939394,98.33333333333334,164.0909090909091,1,0.7466666666666667,37.333333333333336,52.333333333333336,1,0.0,0.0,0.0,0,0.0,0.0,0.0,0,0.6622222222222225,49.666666666666686,86.22222222222224,1,270.66666666666663,86.0
50,114.00000000000003,235.0,0.48510638297872355,0.5020085544765724,0.14903177931967185,4,1,5,none,0,0,15129.606060606064,205.78787878787884,0.2,3,0,0.3696969696969698,40.66666666666668,85.45454545454547,1,0.7466666666666667,37.333333333333336,52.333333333333336,1,0.0,0.0,0.0,0,0.0,0.0,0.0,0,0.4800000000000002,36.000000000000014,68.00000000000003,1,120.66666666666663,167.0
51,142.66666666666669,235.0,0.6070921985815604,0.5020085544765724,0.14903177931967185,8,4,12,none,0,0,15379.414141414145,249.80808080808086,0.3333333333333333,3,0,0.7424242424242424,81.66666666666667,141.36363636363637,1,0.47333333333333344,23.66666666666667,38.66666666666667,1,0.0,0.0,0.0,0,0.0,0.0,0.0,0,0.497777777777778,37.33333333333335,69.7777777777778,1,159.66666666666666,183.66666666666669
52,189.00000000000003,235.0,0.8042553191489363,0.5020085544765724,0.14903177931967185,7,1,8,none,0,0,15686.717171717175,307.30303030303037,0.125,3,0,0.8575757575757577,94.33333333333334,158.63636363636365,1,0.7533333333333334,37.66666666666667,52.66666666666667,1,0.0,0.0,0.0,0,0.0,0.0,0.0,0,0.7600000000000002,57.000000000000014,96.00000000000003,1,159.66666666666666,273.6666666666667
53,193.33333333333337,235.0,0.8226950354609931,0.5020085544765724,0.14903177931967185,3,2,5,none,0,0,16000.414141414145,313.69696969696975,0.4,3,0,0.9090909090909092,100.00000000000001,166.36363636363637,1,0.7266666666666667,36.333333333333336,51.333333333333336,1,0.0,0.0,0.0,0,0.0,0.0,0.0,0,0.7600000000000002,57.000000000000014,96.00000000000003,1,120.66666666666666,210.66666666666669
54,167.33333333333334,235.0,0.7120567375886525,0.5020085544765724,0.14903177931967185,9,1,10,none,0,0,16284.383838383841,283.96969696969694,0.1,3,0,0.7909090909090909,87.0,148.63636363636363,1,0.4066666666666666,20.333333333333332,35.33333333333333,1,0.0,0.0,0.0,0,0.0,0.0,0.0,0,0.8000000000000002,60.000000000000014,100.00000000000001,1,171.0,108.00000000000001
55,206.66666666666669,235.0,0.8794326241134752,0.483735186154152,0.156668862299767,8,5,13,none,0,0,16614.515151515156,330.13131313131316,0.38461538461538464,3,0,0.9727272727272728,107.0,175.9090909090909,1,0.82,41.0,56.0,1,0.0,0.0,0.0,0,0.0,0.0,0.0,0,0.7822222222222224,58.66666666666668,98.22222222222224,1,321.33333333333337,258.0
56,221.00000000000003,235.0,0.9404255319148938,0.483735186154152,0.156668862299767,4,4,8,none,0,0,16963.75757575758,349.24242424242425,0.5,3,0,0.9727272727272729,107.00000000000001,175.90909090909093,1,0.82,41.0,56.0,1,0.0,0.0,0.0,0,0.0,0.0,0.0,0,0.9733333333333335,73.00000000000001,117.33333333333334,1,360.33333333333337,401.6666666666667
57,167.66666666666669,235.0,0.7134751773049646,0.483735186154152,0.156668862299767,4,2,6,none,0,0,17246.888888888894,283.13131313131316,0.3333333333333333,3,0,0.8393939393939395,92.33333333333334,155.90909090909093,1,0.4933333333333333,24.666666666666664,39.666666666666664,1,0.0,0.0,0.0,0,0.0,0.0,0.0,0,0.6755555555555557,50.66666666666668,87.55555555555557,1,310.00000000000006,242.66666666666669
58,146.33333333333334,235.0,0.6226950354609929,0.483735186154152,0.156668862299767,5,1,6,none,0,0,17503.525252525258,256.6363636363637,0.16666666666666666,3,0,0.7575757575757577,83.33333333333334,143.63636363636365,1,0.35999999999999993,17.999999999999996,33.0,1,0.0,0.0,0.0,0,0.0,0.0,0.0,0,0.6000000000000002,45.000000000000014,80.00000000000003,1,120.66666666666669,242.66666666666669
59,164.0,235.0,0.6978723404255319,0.483735186154152,0.156668862299767,5,0,5,none,0,0,17782.575757575763,279.050505050505,0.0,3,0,0.8484848484848484,93.33333333333333,157.27272727272725,1,0.44666666666666666,22.333333333333332,37.33333333333333,1,0.0,0.0,0.0,0,0.0,0.0,0.0,0,0.6444444444444447,48.33333333333335,84.44444444444447,1,120.66666666666669,81.00000000000003
60,211.0,235.0,0.8978723404255319,0.4829653414328259,0.15002339039807494,5,2,7,none,0,0,18116.404040404046,333.82828282828285,0.2857142857142857,3,0,0.8484848484848484,93.33333333333333,157.27272727272725,1,0.92,46.0,61.0,1,0.0,0.0,0.0,0,0.0,0.0,0.0,0,0.9555555555555558,71.66666666666669,115.55555555555559,1,132.33333333333337,51.333333333333364
61,216.33333333333334,235.0,0.9205673758865248,0.4829653414328259,0.15002339039807494,4,5,9,none,0,0,18457.989898989905,341.5858585858586,0.5555555555555556,3,0,0.9090909090909091,100.0,166.36363636363635,1,0.8933333333333333,44.666666666666664,59.666666666666664,1,0.0,0.0,0.0,0,0.0,0.0,0.0,0,0.9555555555555558,71.66666666666669,115.55555555555559,1,116.00000000000003,197.6666666666667
62,175.00000000000003,235.0,0.7446808510638299,0.4829653414328259,0.15002339039807494,5,0,5,none,0,0,18746.41414141415,288.4242424242425,0.0,3,0,0.7939393939393941,87.33333333333334,149.09090909090912,1,0.7533333333333333,37.666666666666664,52.666666666666664,1,0.0,0.0,0.0,0,0.0,0.0,0.0,0,0.666666666666667,50.00000000000002,86.6666666666667,1,116.00000000000003,197.6666666666667
63,221.66666666666669,235.0,0.9432624113475178,0.4829653414328259,0.15002339039807494,6,2,8,none,0,0,19095.878787878795,349.46464646464653,0.25,3,0,0.9727272727272729,107.00000000000001,175.90909090909093,1,0.86,43.0,58.0,1,0.0,0.0,0.0,0,0.0,0.0,0.0,0,0.9555555555555558,71.66666666666669,115.55555555555559,1,50.666666666666686,4.333333333333371
64,208.6666666666667,235.0,0.8879432624113477,0.4829653414328259,0.15002339039807494,5,1,6,none,0,0,19430.52525252526,334.6464646464647,0.16666666666666666,3,0,0.9272727272727276,102.00000000000003,169.09090909090915,1,0.7,35.0,50.0,1,0.0,0.0,0.0,0,0.0,0.0,0.0,0,0.9555555555555558,71.66666666666669,115.55555555555559,1,11.000000000000021,70.33333333333337
65,193.00000000000006,235.0,0.8212765957446811,0.5031281235266575,0.14632799618810424,5,3,8,none,0,0,19744.232323232332,313.7070707070708,0.375,3,0,0.9121212121212123,100.33333333333336,166.81818181818184,1,0.7,35.0,50.0,1,0.0,0.0,0.0,0,0.0,0.0,0.0,0,0.7688888888888892,57.666666666666686,96.88888888888891,1,36.00000000000002,175.00000000000006
66,190.00000000000003,235.0,0.8085106382978725,0.5031281235266575,0.14632799618810424,6,3,9,none,0,0,20053.30303030304,309.0707070707071,0.3333333333333333,3,0,0.887878787878788,97.66666666666669,163.18181818181822,1,0.7333333333333333,36.666666666666664,51.666666666666664,1,0.0,0.0,0.0,0,0.0,0.0,0.0,0,0.7422222222222224,55.666666666666686,94.22222222222224,1,119.33333333333336,197.00000000000006
67,189.00000000000003,235.0,0.8042553191489363,0.5031281235266575,0.14632799618810424,3,2,5,none,0,0,20363.19191919193,309.8888888888889,0.4,3,0,0.9333333333333335,102.66666666666669,170.00000000000003,1,0.6133333333333333,30.666666666666664,45.666666666666664,1,0.0,0.0,0.0,0,0.0,0.0,0.0,0,0.7422222222222224,55.666666666666686,94.22222222222224,1,194.33333333333337,226.00000000000006
68,219.33333333333337,235.0,0.9333333333333335,0.5031281235266575,0.14632799618810424,7,5,12,none,0,0,20707.52525252526,344.33333333333337,0.4166666666666667,3,0,0.9333333333333335,102.66666666666669,170.00000000000003,1,0.9733333333333333,48.666666666666664,63.666666666666664,1,0.0,0.0,0.0,0,0.0,0.0,0.0,0,0.9066666666666668,68.00000000000001,110.66666666666669,1,314.66666666666674,241.3333333333334
69,218.00000000000006,235.0,0.9276595744680853,0.5031281235266575,0.14632799618810424,5,5,10,none,0,0,21051.9292929293,344.4040404040405,0.5,3,0,0.9212121212121215,101.33333333333336,168.18181818181822,1,0.86,43.0,58.0,1,0.0,0.0,0.0,0,0.0,0.0,0.0,0,0.9822222222222224,73.66666666666669,118.22222222222224,1,277.66666666666674,125.66666666666673
70,170.00000000000006,235.0,0.7234042553191492,0.5166004077071994,0.14209107704676832,6,2,8,none,0,0,21336.393939393947,284.46464646464653,0.25,3,0,0.7393939393939396,81.33333333333336,140.90909090909093,1,0.58,29.0,44.0,1,0.0,0.0,0.0,0,0.0,0.0,0.0,0,0.7955555555555558,59.666666666666686,99.55555555555559,1,329.00000000000006,86.66666666666673
71,206.66666666666669,235.0,0.8794326241134752,0.5166004077071994,0.14209107704676832,6,2,8,none,0,0,21666.888888888898,330.49494949494954,0.25,3,0,0.9151515151515153,100.66666666666669,167.27272727272728,1,0.7866666666666666,39.33333333333333,54.33333333333333,1,0.0,0.0,0.0,0,0.0,0.0,0.0,0,0.8888888888888892,66.66666666666669,108.88888888888891,1,249.6666666666667,167.66666666666674
72,219.00000000000003,235.0,0.9319148936170214,0.5166004077071994,0.14209107704676832,4,5,9,none,0,0,22011.979797979806,345.0909090909091,0.5555555555555556,3,0,0.9272727272727274,102.00000000000001,169.0909090909091,1,0.8999999999999999,44.99999999999999,59.99999999999999,1,0.0,0.0,0.0,0,0.0,0.0,0.0,0,0.9600000000000004,72.00000000000003,116.00000000000004,1,186.33333333333337,260.66666666666674
73,203.00000000000003,235.0,0.8638297872340427,0.5166004077071994,0.14209107704676832,5,1,6,none,0,0,22339.22222222223,327.2424242424243,0.16666666666666666,3,0,0.8727272727272729,96.00000000000001,160.90909090909093,1,0.6799999999999998,33.99999999999999,48.99999999999999,1,0.0,0.0,0.0,0,0.0,0.0,0.0,0,0.9733333333333337,73.00000000000003,117.33333333333337,1,160.00000000000003,178.33333333333343
74,147.00000000000003,235.0,0.6255319148936171,0.5166004077071994,0.14209107704676832,5,2,7,none,0,0,22590.45454545455,251.23232323232327,0.2857142857142857,3,0,0.5696969696969697,62.66666666666667,115.45454545454545,1,0.6999999999999998,34.99999999999999,49.99999999999999,1,0.0,0.0,0.0,0,0.0,0.0,0.0,0,0.6577777777777781,49.33333333333336,85.77777777777781,1,145.33333333333337,187.33333333333343
75,177.66666666666669,235.0,0.7560283687943263,0.5168244109940654,0.14487967455569084,4,0,4,none,0,0,22883.24242424243,292.78787878787887,0.0,3,0,0.7696969696969698,84.66666666666667,145.45454545454547,1,0.6999999999999998,34.99999999999999,49.99999999999999,1,0.0,0.0,0.0,0,0.0,0.0,0.0,0,0.7733333333333337,58.00000000000002,97.33333333333337,1,51.33333333333337,90.0000000000001
76,180.0,235.0,0.7659574468085106,0.5168244109940654,0.14487967455569084,4,3,7,none,0,0,23187.383838383845,304.14141414141415,0.42857142857142855,3,0,0.8757575757575757,96.33333333333333,161.36363636363637,1,0.22666666666666654,11.333333333333327,26.33333333333333,1,0.0,0.0,0.0,0,0.0,0.0,0.0,0,0.9644444444444448,72.33333333333336,116.44444444444447,1,141.33333333333337,241.33333333333346
77,203.33333333333334,235.0,0.8652482269503546,0.5168244109940654,0.14487967455569084,8,2,10,none,0,0,23516.313131313138,328.92929292929296,0.2,3,0,0.9121212121212121,100.33333333333333,166.8181818181818,1,0.6133333333333332,30.66666666666666,45.66666666666666,1,0.0,0.0,0.0,0,0.0,0.0,0.0,0,0.9644444444444448,72.33333333333336,116.44444444444447,1,237.00000000000003,151.33333333333346
78,217.33333333333334,235.0,0.924822695035461,0.5168244109940654,0.14487967455569084,7,7,14,none,0,0,23859.24242424243,342.92929292929296,0.5,3,0,0.9121212121212121,100.33333333333333,166.8181818181818,1,0.8933333333333331,44.66666666666666,59.66666666666666,1,0.0,0.0,0.0,0,0.0,0.0,0.0,0,0.9644444444444448,72.33333333333336,116.44444444444447,1,363.3333333333333,229.0000000000001
79,223.66666666666669,235.0,0.9517730496453901,0.5168244109940654,0.14487967455569084,6,5,11,none,0,0,24210.80808080809,351.5656565656566,0.45454545454545453,3,0,0.9696969696969697,106.66666666666667,175.45454545454547,1,0.8933333333333331,44.66666666666666,59.66666666666666,1,0.0,0.0,0.0,0,0.0,0.0,0.0,0,0.9644444444444448,72.33333333333336,116.44444444444447,1,462.3333333333333,231.0000000000001
80,214.66666666666669,235.0,0.9134751773049646,0.5221167898320414,0.133955424482866,4,4,8,none,0,0,24551.676767676774,340.8686868686869,0.5,3,0,0.9272727272727272,102.0,169.0909090909091,1,0.8066666666666665,40.33333333333333,55.33333333333333,1,0.0,0.0,0.0,0,0.0,0.0,0.0,0,0.9644444444444448,72.33333333333336,116.44444444444447,1,396.3333333333333,224.0000000000001
81,217.66666666666669,235.0,0.9262411347517732,0.5221167898320414,0.133955424482866,8,5,13,none,0,0,24898.383838383845,346.7070707070708,0.38461538461538464,3,0,0.9787878787878789,107.66666666666667,176.81818181818184,1,0.7066666666666667,35.333333333333336,50.333333333333336,1,0.0,0.0,0.0,0,0.0,0.0,0.0,0,0.9955555555555559,74.66666666666669,119.55555555555559,1,345.66666666666663,165.00000000000014
82,195.00000000000003,235.0,0.8297872340425533,0.5221167898320414,0.133955424482866,9,0,9,none,0,0,25214.494949494954,316.11111111111114,0.0,3,0,0.8666666666666668,95.33333333333334,160.00000000000003,1,0.7066666666666667,35.333333333333336,50.333333333333336,1,0.0,0.0,0.0,0,0.0,0.0,0.0,0,0.8577777777777779,64.33333333333334,105.77777777777779,1,150.33333333333331,136.6666666666668
83,204.66666666666669,235.0,0.8709219858156029,0.5221167898320414,0.133955424482866,9,4,13,none,0,0,25538.45454545455,323.95959595959596,0.3076923076923077,3,0,0.8212121212121213,90.33333333333334,153.1818181818182,1,1.0,50.0,65.0,1,0.0,0.0,0.0,0,0.0,0.0,0.0,0,0.8577777777777779,64.33333333333334,105.77777777777779,1,160.33333333333331,243.6666666666668
84,179.33333333333334,235.0,0.7631205673758865,0.5221167898320414,0.133955424482866,3,4,7,none,0,0,25834.9595959596,296.5050505050505,0.5714285714285714,3,0,0.984848484848485,108.33333333333334,177.72727272727275,1,0.6533333333333333,32.666666666666664,47.666666666666664,1,0.0,0.0,0.0,0,0.0,0.0,0.0,0,0.5111111111111112,38.33333333333334,71.11111111111111,1,242.33333333333331,297.6666666666668
85,182.66666666666669,235.0,0.7773049645390072,0.527323968374271,0.13777047338083132,4,1,5,none,0,0,26132.05050505051,297.0909090909091,0.2,3,0,0.7939393939393941,87.33333333333334,149.09090909090912,1,0.8466666666666666,42.33333333333333,57.33333333333333,1,0.0,0.0,0.0,0,0.0,0.0,0.0,0,0.7066666666666668,53.00000000000001,90.66666666666667,1,245.66666666666666,171.33333333333348
86,185.33333333333334,235.0,0.7886524822695036,0.527323968374271,0.13777047338083132,8,1,9,none,0,0,26435.64646464647,303.5959595959596,0.1111111111111111,3,0,0.9121212121212122,100.33333333333334,166.81818181818184,1,0.6933333333333332,34.666666666666664,49.666666666666664,1,0.0,0.0,0.0,0,0.0,0.0,0.0,0,0.6711111111111112,50.33333333333334,87.11111111111111,1,79.66666666666666,117.33333333333348
87,219.6666666666667,235.0,0.9347517730496456,0.527323968374271,0.13777047338083132,8,3,11,none,0,0,26780.595959595965,344.94949494949503,0.2727272727272727,3,0,0.9515151515151516,104.66666666666669,172.72727272727275,1,0.9666666666666667,48.333333333333336,63.333333333333336,1,0.0,0.0,0.0,0,0.0,0.0,0.0,0,0.8888888888888892,66.66666666666669,108.88888888888891,1,46.33333333333332,184.00000000000014
88,221.00000000000003,235.0,0.9404255319148938,0.527323968374271,0.13777047338083132,3,4,7,none,0,0,27130.030303030308,349.4343434343435,0.5714285714285714,3,0,0.9636363636363637,106.00000000000001,174.54545454545456,1,0.8066666666666668,40.333333333333336,55.333333333333336,1,0.0,0.0,0.0,0,0.0,0.0,0.0,0,0.9955555555555559,74.66666666666669,119.55555555555559,1,53.999999999999986,207.6666666666668
89,168.00000000000006,235.0,0.7148936170212769,0.527323968374271,0.13777047338083132,7,2,9,none,0,0,27415.717171717177,285.68686868686876,0.2222222222222222,3,0,0.972727272727273,107.00000000000003,175.90909090909096,1,0.39333333333333337,19.666666666666668,34.66666666666667,1,0.0,0.0,0.0,0,0.0,0.0,0.0,0,0.5511111111111114,41.33333333333336,75.11111111111114,1,53.999999999999986,212.6666666666668
90,217.00000000000006,235.0,0.9234042553191492,0.5227646351827168,0.14842988791271305,8,0,8,none,0,0,27759.45454545455,343.7373737373738,0.0,3,0,0.9212121212121215,101.33333333333336,168.18181818181822,1,0.82,41.0,56.0,1,0.0,0.0,0.0,0,0.0,0.0,0.0,0,0.9955555555555559,74.66666666666669,119.55555555555559,1,10.999999999999986,194.6666666666668
91,203.00000000000006,235.0,0.8638297872340428,0.5227646351827168,0.14842988791271305,4,2,6,none,0,0,28086.53535353536,327.08080808080814,0.3333333333333333,3,0,0.9575757575757577,105.33333333333336,173.63636363636365,1,0.7066666666666667,35.333333333333336,50.333333333333336,1,0.0,0.0,0.0,0,0.0,0.0,0.0,0,0.8311111111111114,62.33333333333335,103.11111111111114,1,39.666666666666664,271.0000000000001
92,62.666666666666714,235.0,0.2666666666666669,0.5227646351827168,0.14842988791271305,1,0,1,none,0,0,28231.676767676774,145.1414141414142,0.0,3,0,0.275757575757576,30.333333333333357,71.3636363636364,1,0.26000000000000006,13.000000000000004,28.000000000000004,1,0.0,0.0,0.0,0,0.0,0.0,0.0,0,0.257777777777778,19.33333333333335,45.7777777777778,1,39.666666666666664,100.00000000000011
93,91.66666666666671,235.0,0.3900709219858158,0.5227646351827168,0.14842988791271305,7,0,7,none,0,0,28415.82828282829,184.15151515151518,0.0,3,0,0.478787878787879,52.666666666666686,101.81818181818184,1,0.2800000000000001,14.000000000000004,29.000000000000004,1,0.0,0.0,0.0,0,0.0,0.0,0.0,0,0.3333333333333336,25.000000000000018,53.33333333333336,1,39.666666666666664,1.1368683772161603e-13
94,201.66666666666669,235.0,0.8581560283687945,0.5227646351827168,0.14842988791271305,10,4,14,none,0,0,28738.171717171725,322.34343434343435,0.2857142857142857,3,0,0.9030303030303031,99.33333333333334,165.45454545454547,1,0.8733333333333334,43.66666666666667,58.66666666666667,1,0.0,0.0,0.0,0,0.0,0.0,0.0,0,0.7822222222222224,58.66666666666668,98.22222222222224,1,196.33333333333334,100.00000000000011
95,197.66666666666669,235.0,0.8411347517730497,0.5248434139151147,0.17137810649736795,1,5,6,none,0,0,29057.12121212122,318.949494949495,0.8333333333333334,3,0,0.9181818181818183,101.00000000000001,167.72727272727275,1,0.7600000000000001,38.00000000000001,53.00000000000001,1,0.0,0.0,0.0,0,0.0,0.0,0.0,0,0.7822222222222224,58.66666666666668,98.22222222222224,1,302.33333333333337,227.33333333333346
96,208.33333333333337,235.0,0.8865248226950356,0.5248434139151147,0.17137810649736795,6,3,9,none,0,0,29392.363636363643,335.24242424242425,0.3333333333333333,3,0,0.9727272727272729,107.00000000000001,175.90909090909093,1,0.6466666666666668,32.33333333333334,47.33333333333334,1,0.0,0.0,0.0,0,0.0,0.0,0.0,0,0.92,69.0,112.0,1,357.33333333333337,227.33333333333346
97,174.0,235.0,0.7404255319148936,0.5248434139151147,0.17137810649736795,6,0,6,none,0,0,29681.050505050513,288.6868686868687,0.0,3,0,0.7393939393939395,81.33333333333334,140.90909090909093,1,0.6466666666666668,32.33333333333334,47.33333333333334,1,0.0,0.0,0.0,0,0.0,0.0,0.0,0,0.8044444444444444,60.33333333333333,100.44444444444444,1,281.0,227.33333333333346
98,218.66666666666669,235.0,0.9304964539007093,0.5248434139151147,0.17137810649736795,8,2,10,none,0,0,30027.555555555562,346.50505050505046,0.2,3,0,0.9515151515151515,104.66666666666667,172.72727272727272,1,0.7933333333333334,39.66666666666667,54.66666666666667,1,0.0,0.0,0.0,0,0.0,0.0,0.0,0,0.991111111111111,74.33333333333333,119.1111111111111,1,12.333333333333334,1.4210854715202004e-13
99,122.0,235.0,0.5191489361702127,0.5248434139151147,0.17137810649736795,4,3,7,none,0,0,30243.595959595965,216.04040404040404,0.42857142857142855,3,0,0.4787878787878788,52.66666666666667,101.81818181818183,1,0.7933333333333334,39.66666666666667,54.66666666666667,1,0.0,0.0,0.0,0,0.0,0.0,0.0,0,0.39555555555555555,29.666666666666664,59.55555555555556,1,132.33333333333334,200.00000000000014
100,139.66666666666669,235.0,0.5943262411347519,0.5187302193829016,0.1742612305007044,3,1,4,none,0,0,30494.070707070714,250.47474747474746,0.25,3,0,0.9090909090909091,100.0,166.36363636363635,1,0.2266666666666668,11.33333333333334,26.33333333333334,1,0.0,0.0,0.0,0,0.0,0.0,0.0,0,0.37777777777777777,28.333333333333332,57.77777777777778,1,132.33333333333334,266.0000000000001
101,150.33333333333334,235.0,0.6397163120567376,0.5187302193829016,0.1742612305007044,2,0,2,none,0,0,30756.06060606061,261.98989898989896,0.0,3,0,0.896969696969697,98.66666666666667,164.54545454545453,1,0.38666666666666677,19.33333333333334,34.33333333333334,1,0.0,0.0,0.0,0,0.0,0.0,0.0,0,0.43111111111111106,32.33333333333333,63.11111111111111,1,1.3333333333333428,66.00000000000011
102,188.66666666666669,235.0,0.8028368794326242,0.5187302193829016,0.1742612305007044,5,1,6,none,0,0,31065.787878787884,309.72727272727275,0.16666666666666666,3,0,0.984848484848485,108.33333333333334,177.72727272727275,1,0.6066666666666668,30.33333333333334,45.33333333333334,1,0.0,0.0,0.0,0,0.0,0.0,0.0,0,0.6666666666666666,50.0,86.66666666666666,1,81.00000000000001,66.00000000000011
103,198.33333333333337,235.0,0.8439716312056739,0.5187302193829016,0.1742612305007044,8,1,9,none,0,0,31386.010101010106,320.22222222222223,0.1111111111111111,3,0,0.8666666666666669,95.33333333333336,160.00000000000003,1,0.7266666666666669,36.33333333333334,51.33333333333334,1,0.0,0.0,0.0,0,0.0,0.0,0.0,0,0.8888888888888887,66.66666666666666,108.88888888888887,1,162.0,1.1368683772161603e-13
104,188.33333333333337,235.0,0.8014184397163122,0.5187302193829016,0.1742612305007044,4,0,4,none,0,0,31695.23232323233,309.2222222222223,0.0,3,0,0.8666666666666669,95.33333333333336,160.00000000000003,1,0.5866666666666669,29.333333333333343,44.33333333333334,1,0.0,0.0,0.0,0,0.0,0.0,0.0,0,0.8488888888888888,63.66666666666666,104.88888888888889,1,162.0,1.1368683772161603e-13
105,180.00000000000003,235.0,0.7659574468085107,0.5103415845654193,0.1724806560530599,5,1,6,none,0,0,31994.23232323233,299.0,0.16666666666666666,3,0,0.8666666666666669,95.33333333333336,160.00000000000003,1,0.5333333333333335,26.666666666666675,41.66666666666668,1,0.0,0.0,0.0,0,0.0,0.0,0.0,0,0.7733333333333332,57.99999999999999,97.33333333333331,1,81.0,66.00000000000011
106,113.33333333333337,235.0,0.48226950354609943,0.5103415845654193,0.1724806560530599,3,0,3,none,0,0,32205.53535353536,211.30303030303034,0.0,3,0,0.4909090909090912,54.00000000000003,103.63636363636368,1,0.3866666666666669,19.333333333333343,34.33333333333334,1,0.0,0.0,0.0,0,0.0,0.0,0.0,0,0.5333333333333332,39.99999999999999,73.33333333333331,1,0.0,66.00000000000011
107,120.00000000000003,235.0,0.5106382978723405,0.5103415845654193,0.1724806560530599,5,1,6,none,0,0,32427.393939393947,221.85858585858588,0.16666666666666666,3,0,0.5909090909090912,65.00000000000003,118.63636363636367,1,0.30666666666666687,15.333333333333343,30.333333333333343,1,0.0,0.0,0.0,0,0.0,0.0,0.0,0,0.5288888888888889,39.666666666666664,72.88888888888889,1,0.0,132.0000000000001
108,210.66666666666669,235.0,0.8964539007092199,0.5103415845654193,0.1724806560530599,9,5,14,none,0,0,32764.282828282838,336.8888888888889,0.35714285714285715,3,0,0.9333333333333337,102.6666666666667,170.00000000000006,1,0.7266666666666669,36.33333333333334,51.33333333333334,1,0.0,0.0,0.0,0,0.0,0.0,0.0,0,0.9555555555555554,71.66666666666666,115.55555555555554,1,172.0,109.00000000000011
109,225.00000000000003,235.0,0.9574468085106385,0.5103415845654193,0.1724806560530599,5,5,10,none,0,0,33116.59595959597,352.31313131313135,0.5,3,0,0.9606060606060609,105.6666666666667,174.09090909090912,1,0.9533333333333336,47.66666666666668,62.66666666666668,1,0.0,0.0,0.0,0,0.0,0.0,0.0,0,0.9555555555555554,71.66666666666666,115.55555555555554,1,288.33333333333337,186.0000000000001
110,178.00000000000003,235.0,0.7574468085106384,0.5030922115043803,0.18648558494180545,5,1,6,none,0,0,33407.77777777779,291.18181818181824,0.16666666666666666,3,0,0.8545454545454548,94.00000000000003,158.18181818181822,1,0.8400000000000003,42.000000000000014,57.000000000000014,1,0.0,0.0,0.0,0,0.0,0.0,0.0,0,0.5599999999999999,41.99999999999999,76.0,1,288.33333333333337,195.0000000000001
111,203.66666666666669,235.0,0.8666666666666667,0.5030922115043803,0.18648558494180545,6,2,8,none,0,0,33734.55555555557,326.7777777777778,0.25,3,0,0.9666666666666669,106.33333333333336,175.00000000000003,1,0.7800000000000002,39.000000000000014,54.000000000000014,1,0.0,0.0,0.0,0,0.0,0.0,0.0,0,0.7777777777777776,58.33333333333332,97.77777777777776,1,116.33333333333337,205.33333333333346
112,197.00000000000003,235.0,0.8382978723404256,0.5030922115043803,0.18648558494180545,6,3,9,none,0,0,34052.848484848495,318.29292929292933,0.3333333333333333,3,0,0.9212121212121215,101.33333333333336,168.18181818181822,1,0.746666666666667,37.33333333333335,52.33333333333335,1,0.0,0.0,0.0,0,0.0,0.0,0.0,0,0.7777777777777776,58.33333333333332,97.77777777777776,1,51.33333333333337,78.33333333333346
113,174.00000000000003,235.0,0.7404255319148937,0.5030922115043803,0.18648558494180545,5,3,8,none,0,0,34345.49494949496,292.64646464646466,0.375,3,0,0.9272727272727276,102.00000000000003,169.09090909090915,1,0.446666666666667,22.33333333333335,37.33333333333335,1,0.0,0.0,0.0,0,0.0,0.0,0.0,0,0.662222222222222,49.66666666666666,86.2222222222222,1,205.00000000000006,144.33333333333346
114,142.6666666666667,235.0,0.6070921985815605,0.5030922115043803,0.18648558494180545,3,0,3,none,0,0,34596.03030303032,250.53535353535358,0.0,3,0,0.8272727272727275,91.00000000000003,154.09090909090912,1,0.446666666666667,22.33333333333335,37.33333333333335,1,0.0,0.0,0.0,0,0.0,0.0,0.0,0,0.3911111111111111,29.333333333333332,59.11111111111111,1,180.00000000000006,66.00000000000013
115,165.6666666666667,235.0,0.7049645390070924,0.4986322367674362,0.18288550375339513,3,3,6,none,0,0,34878.66666666668,282.6363636363637,0.5,3,0,0.7242424242424245,79.66666666666669,138.63636363636368,1,0.34000000000000036,17.000000000000018,32.000000000000014,1,0.0,0.0,0.0,0,0.0,0.0,0.0,0,0.92,69.0,112.0,1,366.00000000000006,147.0000000000001
116,213.00000000000003,235.0,0.9063829787234043,0.4986322367674362,0.18288550375339513,6,1,7,none,0,0,35215.39393939395,336.72727272727275,0.14285714285714285,3,0,0.984848484848485,108.33333333333334,177.72727272727275,1,0.9333333333333337,46.666666666666686,61.666666666666686,1,0.0,0.0,0.0,0,0.0,0.0,0.0,0,0.7733333333333333,58.0,97.33333333333333,1,186.00000000000006,162.0000000000001
117,226.66666666666669,235.0,0.9645390070921986,0.4986322367674362,0.18288550375339513,1,9,10,none,0,0,35570.78787878789,355.39393939393943,0.9,3,0,0.984848484848485,108.33333333333334,177.72727272727275,1,0.906666666666667,45.33333333333335,60.33333333333335,1,0.0,0.0,0.0,0,0.0,0.0,0.0,0,0.9733333333333334,73.0,117.33333333333334,1,272.66666666666674,275.66666666666674
118,213.00000000000003,235.0,0.9063829787234043,0.4986322367674362,0.18288550375339513,6,5,11,none,0,0,35907.858585858594,337.0707070707071,0.45454545454545453,3,0,0.9545454545454547,105.00000000000001,173.18181818181822,1,0.906666666666667,45.33333333333335,60.33333333333335,1,0.0,0.0,0.0,0,0.0,0.0,0.0,0,0.8355555555555555,62.666666666666664,103.55555555555554,1,362.66666666666674,400.3333333333334
119,193.00000000000003,235.0,0.8212765957446809,0.4986322367674362,0.18288550375339513,7,5,12,none,0,0,36221.68686868688,313.82828282828285,0.4166666666666667,3,0,0.781818181818182,86.00000000000001,147.2727272727273,1,0.666666666666667,33.33333333333335,48.33333333333335,1,0.0,0.0,0.0,0,0.0,0.0,0.0,0,0.9822222222222221,73.66666666666666,118.22222222222221,1,368.66666666666674,489.00000000000006
120,224.33333333333337,235.0,0.9546099290780143,0.5016424617073808,0.1937526454589465,4,12,16,none,0,0,36574.24242424243,352.5555555555556,0.75,3,0,0.9666666666666669,106.33333333333336,175.00000000000003,1,0.886666666666667,44.33333333333335,59.33333333333335,1,0.0,0.0,0.0,0,0.0,0.0,0.0,0,0.9822222222222221,73.66666666666666,118.22222222222221,1,491.6666666666667,452.00000000000006
121,206.66666666666669,235.0,0.8794326241134752,0.5016424617073808,0.1937526454589465,7,6,13,none,0,0,36904.797979797986,330.5555555555556,0.46153846153846156,3,0,0.8666666666666669,95.33333333333336,160.00000000000003,1,0.7733333333333338,38.666666666666686,53.666666666666686,1,0.0,0.0,0.0,0,0.0,0.0,0.0,0,0.9688888888888888,72.66666666666666,116.88888888888889,1,547.6666666666667,634.6666666666667
122,197.33333333333337,235.0,0.8397163120567378,0.5016424617073808,0.1937526454589465,4,5,9,none,0,0,37225.57575757577,320.7777777777778,0.5555555555555556,3,0,0.8666666666666669,95.33333333333336,160.00000000000003,1,0.6133333333333337,30.666666666666686,45.666666666666686,1,0.0,0.0,0.0,0,0.0,0.0,0.0,0,0.951111111111111,71.33333333333333,115.1111111111111,1,423.00000000000006,685.0000000000001
123,203.6666666666667,235.0,0.8666666666666669,0.5016424617073808,0.1937526454589465,8,6,14,none,0,0,37556.424242424255,330.8484848484849,0.42857142857142855,3,0,0.987878787878788,108.66666666666669,178.18181818181822,1,0.5400000000000004,27.000000000000018,42.000000000000014,1,0.0,0.0,0.0,0,0.0,0.0,0.0,0,0.9066666666666666,68.0,110.66666666666666,1,605.6666666666667,608.3333333333335
124,193.33333333333337,235.0,0.8226950354609931,0.5016424617073808,0.1937526454589465,7,3,10,none,0,0,37871.57575757577,315.15151515151524,0.3,3,0,0.8454545454545457,93.00000000000003,156.81818181818187,1,0.626666666666667,31.33333333333335,46.33333333333336,1,0.0,0.0,0.0,0,0.0,0.0,0.0,0,0.92,69.0,112.0,1,507.3333333333334,283.3333333333335
125,216.00000000000006,235.0,0.919148936170213,0.49675730376888,0.19246246657283356,7,4,11,none,0,0,38215.09090909092,343.51515151515156,0.36363636363636365,3,0,0.9878787878787881,108.6666666666667,178.18181818181822,1,0.766666666666667,38.33333333333335,53.33333333333335,1,0.0,0.0,0.0,0,0.0,0.0,0.0,0,0.92,69.0,112.0,1,307.3333333333334,420.6666666666668
126,204.6666666666667,235.0,0.870921985815603,0.49675730376888,0.19246246657283356,2,4,6,none,0,0,38545.23232323233,330.1414141414142,0.6666666666666666,3,0,0.9090909090909094,100.00000000000003,166.3636363636364,1,0.646666666666667,32.33333333333335,47.33333333333335,1,0.0,0.0,0.0,0,0.0,0.0,0.0,0,0.9644444444444445,72.33333333333334,116.44444444444446,1,301.0000000000001,379.6666666666668
127,205.6666666666667,235.0,0.8751773049645392,0.49675730376888,0.19246246657283356,5,5,10,none,0,0,38874.40404040405,329.17171717171726,0.5,3,0,0.8848484848484851,97.33333333333336,162.72727272727278,1,0.7800000000000002,39.000000000000014,54.000000000000014,1,0.0,0.0,0.0,0,0.0,0.0,0.0,0,0.9244444444444446,69.33333333333334,112.44444444444446,1,254.0000000000001,386.3333333333334
128,225.33333333333337,235.0,0.9588652482269505,0.49675730376888,0.19246246657283356,6,8,14,none,0,0,39227.484848484855,353.08080808080814,0.5714285714285714,3,0,0.9909090909090911,109.00000000000001,178.63636363636365,1,0.9400000000000003,47.000000000000014,62.000000000000014,1,0.0,0.0,0.0,0,0.0,0.0,0.0,0,0.9244444444444446,69.33333333333334,112.44444444444446,1,193.00000000000009,475.6666666666668
129,224.33333333333337,235.0,0.9546099290780143,0.49675730376888,0.19246246657283356,6,6,12,none,0,0,39579.23232323233,351.7474747474748,0.5,3,0,0.9909090909090911,109.00000000000001,178.63636363636365,1,0.9400000000000003,47.000000000000014,62.000000000000014,1,0.0,0.0,0.0,0,0.0,0.0,0.0,0,0.9111111111111112,68.33333333333334,111.11111111111111,1,199.0000000000001,432.6666666666668
130,201.00000000000006,235.0,0.8553191489361704,0.5107199468638715,0.18791803743485821,6,5,11,none,0,0,39902.9696969697,323.7373737373738,0.45454545454545453,3,0,0.9545454545454547,105.00000000000001,173.18181818181822,1,0.746666666666667,37.33333333333335,52.33333333333335,1,0.0,0.0,0.0,0,0.0,0.0,0.0,0,0.7822222222222224,58.66666666666668,98.22222222222224,1,461.0000000000001,164.33333333333346
131,197.33333333333337,235.0,0.8397163120567378,0.5107199468638715,0.18791803743485821,9,3,12,none,0,0,40218.83838383839,315.86868686868695,0.25,3,0,0.8606060606060608,94.66666666666669,159.09090909090912,1,0.906666666666667,45.33333333333335,60.33333333333335,1,0.0,0.0,0.0,0,0.0,0.0,0.0,0,0.7644444444444446,57.33333333333334,96.44444444444446,1,403.3333333333334,131.0000000000001
132,199.00000000000006,235.0,0.8468085106382981,0.5107199468638715,0.18791803743485821,3,4,7,none,0,0,40536.9292929293,318.0909090909091,0.5714285714285714,3,0,0.8606060606060608,94.66666666666669,159.09090909090912,1,0.906666666666667,45.33333333333335,60.33333333333335,1,0.0,0.0,0.0,0,0.0,0.0,0.0,0,0.7866666666666667,59.00000000000001,98.66666666666667,1,394.66666666666674,291.3333333333334
133,207.00000000000003,235.0,0.8808510638297874,0.5107199468638715,0.18791803743485821,7,1,8,none,0,0,40865.8888888889,328.95959595959596,0.125,3,0,0.9212121212121213,101.33333333333334,168.1818181818182,1,0.906666666666667,45.33333333333335,60.33333333333335,1,0.0,0.0,0.0,0,0.0,0.0,0.0,0,0.8044444444444445,60.333333333333336,100.44444444444446,1,313.3333333333334,194.33333333333343
134,188.33333333333334,235.0,0.8014184397163121,0.5107199468638715,0.18791803743485821,6,4,10,none,0,0,41174.161616161626,308.27272727272725,0.4,3,0,0.8818181818181818,97.0,162.27272727272728,1,0.646666666666667,32.33333333333335,47.33333333333335,1,0.0,0.0,0.0,0,0.0,0.0,0.0,0,0.7866666666666666,59.0,98.66666666666666,1,319.6666666666668,172.00000000000009
135,185.33333333333337,235.0,0.7886524822695037,0.5200565585152715,0.16155897828316246,5,2,7,none,0,0,41476.949494949506,302.7878787878788,0.2857142857142857,3,0,0.8696969696969697,95.66666666666667,160.45454545454547,1,0.7333333333333337,36.666666666666686,51.666666666666686,1,0.0,0.0,0.0,0,0.0,0.0,0.0,0,0.7066666666666667,53.0,90.66666666666667,1,175.00000000000014,106.00000000000009
136,199.00000000000003,235.0,0.846808510638298,0.5200565585152715,0.16155897828316246,7,5,12,none,0,0,41798.01010101011,321.06060606060606,0.4166666666666667,3,0,0.8848484848484849,97.33333333333334,162.72727272727272,1,0.7333333333333337,36.666666666666686,51.666666666666686,1,0.0,0.0,0.0,0,0.0,0.0,0.0,0,0.8666666666666667,65.0,106.66666666666667,1,320.0000000000001,221.00000000000009
137,204.00000000000003,235.0,0.8680851063829789,0.5200565585152715,0.16155897828316246,4,0,4,none,0,0,42121.97979797981,323.969696969697,0.0,3,0,0.7575757575757577,83.33333333333334,143.63636363636365,1,0.9333333333333337,46.666666666666686,61.666666666666686,1,0.0,0.0,0.0,0,0.0,0.0,0.0,0,0.9866666666666667,74.0,118.66666666666667,1,262.3333333333334,140.00000000000009
138,219.00000000000003,235.0,0.9319148936170214,0.5200565585152715,0.16155897828316246,3,4,7,none,0,0,42467.15151515153,345.1717171717172,0.5714285714285714,3,0,0.984848484848485,108.33333333333334,177.72727272727275,1,0.906666666666667,45.33333333333335,60.33333333333335,1,0.0,0.0,0.0,0,0.0,0.0,0.0,0,0.8711111111111111,65.33333333333333,107.1111111111111,1,36.00000000000006,133.00000000000009
139,186.33333333333337,235.0,0.7929078014184399,0.5200565585152715,0.16155897828316246,5,1,6,none,0,0,42768.22222222223,301.0707070707071,0.16666666666666666,3,0,0.8212121212121213,90.33333333333334,153.1818181818182,1,0.906666666666667,45.33333333333335,60.33333333333335,1,0.0,0.0,0.0,0,0.0,0.0,0.0,0,0.6755555555555556,50.666666666666664,87.55555555555556,1,36.00000000000006,143.00000000000009
140,162.00000000000003,235.0,0.6893617021276597,0.5251318482062878,0.1582471931612426,8,3,11,none,0,0,43038.959595959604,270.7373737373738,0.2727272727272727,3,0,0.6878787878787879,75.66666666666667,133.1818181818182,1,0.7533333333333337,37.666666666666686,52.666666666666686,1,0.0,0.0,0.0,0,0.0,0.0,0.0,0,0.6488888888888888,48.666666666666664,84.88888888888889,1,192.00000000000006,238.00000000000009
141,218.33333333333337,235.0,0.9290780141843973,0.5251318482062878,0.1582471931612426,9,3,12,none,0,0,43383.42424242425,344.4646464646465,0.25,3,0,0.9727272727272729,107.00000000000001,175.90909090909093,1,0.8933333333333338,44.666666666666686,59.666666666666686,1,0.0,0.0,0.0,0,0.0,0.0,0.0,0,0.8888888888888887,66.66666666666666,108.88888888888887,1,184.3333333333334,271.3333333333334
142,201.33333333333334,235.0,0.8567375886524823,0.5251318482062878,0.1582471931612426,4,3,7,none,0,0,43707.909090909096,324.4848484848485,0.42857142857142855,3,0,0.9454545454545455,104.00000000000001,171.81818181818184,1,0.726666666666667,36.33333333333335,51.33333333333335,1,0.0,0.0,0.0,0,0.0,0.0,0.0,0,0.8133333333333331,60.999999999999986,101.33333333333331,1,209.3333333333334,250.33333333333343
143,175.33333333333337,235.0,0.746099290780142,0.5251318482062878,0.1582471931612426,5,0,5,none,0,0,43998.68686868688,290.7777777777778,0.0,3,0,0.8000000000000003,88.00000000000003,150.00000000000006,1,0.6400000000000002,32.000000000000014,47.000000000000014,1,0.0,0.0,0.0,0,0.0,0.0,0.0,0,0.7377777777777776,55.33333333333332,93.77777777777777,1,53.3333333333334,150.33333333333343
144,153.66666666666669,235.0,0.6539007092198582,0.5251318482062878,0.1582471931612426,6,1,7,none,0,0,44265.070707070714,266.3838383838384,0.14285714285714285,3,0,0.8818181818181821,97.00000000000003,162.2727272727273,1,0.38666666666666694,19.333333333333346,34.33333333333334,1,0.0,0.0,0.0,0,0.0,0.0,0.0,0,0.4977777777777776,37.33333333333332,69.77777777777776,1,7.105427357601002e-14,150.33333333333343
145,162.33333333333337,235.0,0.6907801418439717,0.5236688040941305,0.16295840412385681,3,4,7,none,0,0,44543.010101010106,277.939393939394,0.5714285714285714,3,0,0.8818181818181821,97.00000000000003,162.2727272727273,1,0.38666666666666694,19.333333333333346,34.33333333333334,1,0.0,0.0,0.0,0,0.0,0.0,0.0,0,0.6133333333333332,45.999999999999986,81.33333333333331,1,321.00000000000006,171.33333333333343
146,178.00000000000003,235.0,0.7574468085106384,0.5236688040941305,0.16295840412385681,6,1,7,none,0,0,44837.494949494954,294.4848484848485,0.14285714285714285,3,0,0.8454545454545457,93.00000000000003,156.81818181818187,1,0.6400000000000002,32.000000000000014,47.000000000000014,1,0.0,0.0,0.0,0,0.0,0.0,0.0,0,0.7066666666666664,52.999999999999986,90.66666666666664,1,321.00000000000006,196.33333333333343
147,207.00000000000003,235.0,0.8808510638297874,0.5236688040941305,0.16295840412385681,7,4,11,none,0,0,45165.21212121213,327.7171717171717,0.36363636363636365,3,0,0.8818181818181821,97.00000000000003,162.2727272727273,1,0.9733333333333337,48.666666666666686,63.666666666666686,1,0.0,0.0,0.0,0,0.0,0.0,0.0,0,0.8177777777777775,61.333333333333314,101.77777777777774,1,222.3333333333334,164.66666666666674
148,231.66666666666669,235.0,0.9858156028368795,0.5236688040941305,0.16295840412385681,5,7,12,none,0,0,45526.15151515152,360.939393939394,0.5833333333333334,3,0,0.981818181818182,108.00000000000003,177.2727272727273,1,0.9733333333333337,48.666666666666686,63.666666666666686,1,0.0,0.0,0.0,0,0.0,0.0,0.0,0,0.9999999999999998,74.99999999999999,119.99999999999997,1,239.00000000000009,310.33333333333337
149,215.00000000000003,235.0,0.9148936170212767,0.5236688040941305,0.16295840412385681,4,5,9,none,0,0,45868.20202020202,342.0505050505051,0.5555555555555556,3,0,0.981818181818182,108.00000000000003,177.2727272727273,1,0.7733333333333338,38.666666666666686,53.666666666666686,1,0.0,0.0,0.0,0,0.0,0.0,0.0,0,0.9111111111111109,68.33333333333331,111.11111111111109,1,338.0000000000001,353.6666666666667
150,202.00000000000003,235.0,0.8595744680851065,0.535420309116246,0.15024502903206152,12,5,17,none,0,0,46192.131313131315,323.92929292929296,0.29411764705882354,3,0,0.9121212121212123,100.33333333333336,166.81818181818184,1,0.8066666666666671,40.33333333333336,55.33333333333336,1,0.0,0.0,0.0,0,0.0,0.0,0.0,0,0.8177777777777775,61.333333333333314,101.77777777777774,1,441.66666666666674,395.0
151,214.66666666666669,235.0,0.9134751773049646,0.535420309116246,0.15024502903206152,6,3,9,none,0,0,46530.82828282828,338.69696969696975,0.3333333333333333,3,0,0.9757575757575759,107.33333333333336,176.3636363636364,1,0.9466666666666671,47.33333333333336,62.33333333333336,1,0.0,0.0,0.0,0,0.0,0.0,0.0,0,0.7999999999999998,59.999999999999986,99.99999999999999,1,362.00000000000006,430.3333333333333
152,218.33333333333337,235.0,0.9290780141843973,0.535420309116246,0.15024502903206152,4,5,9,none,0,0,46874.41414141414,343.5858585858586,0.5555555555555556,3,0,0.9757575757575759,107.33333333333336,176.3636363636364,1,0.9466666666666671,47.33333333333336,62.33333333333336,1,0.0,0.0,0.0,0,0.0,0.0,0.0,0,0.8488888888888887,63.66666666666665,104.88888888888887,1,113.66666666666673,326.66666666666663
153,185.66666666666669,235.0,0.7900709219858156,0.535420309116246,0.15024502903206152,5,3,8,none,0,0,47177.42424242424,303.01010101010104,0.375,3,0,0.8696969696969699,95.66666666666669,160.45454545454547,1,0.7466666666666671,37.33333333333336,52.33333333333336,1,0.0,0.0,0.0,0,0.0,0.0,0.0,0,0.702222222222222,52.66666666666665,90.2222222222222,1,294.66666666666674,285.3333333333333
154,182.33333333333334,235.0,0.775886524822695,0.535420309116246,0.15024502903206152,7,3,10,none,0,0,47477.89898989899,300.47474747474746,0.3,3,0,0.9090909090909092,100.00000000000001,166.36363636363637,1,0.6400000000000005,32.00000000000002,47.00000000000002,1,0.0,0.0,0.0,0,0.0,0.0,0.0,0,0.6711111111111109,50.333333333333314,87.11111111111109,1,462.66666666666674,157.0
155,173.33333333333334,235.0,0.7375886524822696,0.5421382358373145,0.14625959140151729,6,2,8,none,0,0,47766.70707070707,288.80808080808083,0.25,3,0,0.8757575757575758,96.33333333333334,161.36363636363637,1,0.6133333333333337,30.66666666666669,45.666666666666686,1,0.0,0.0,0.0,0,0.0,0.0,0.0,0,0.6177777777777775,46.333333333333314,81.77777777777776,1,367.00000000000006,157.0
156,110.66666666666669,235.0,0.4709219858156029,0.5421382358373145,0.14625959140151729,2,0,2,none,0,0,47973.99999999999,207.2929292929293,0.0,3,0,0.5212121212121213,57.33333333333334,108.1818181818182,1,0.42000000000000043,21.00000000000002,36.00000000000002,1,0.0,0.0,0.0,0,0.0,0.0,0.0,0,0.43111111111111083,32.333333333333314,63.111111111111086,1,166.00000000000006,117.33333333333334
157,157.66666666666669,235.0,0.6709219858156029,0.5421382358373145,0.14625959140151729,6,2,8,none,0,0,48242.38383838383,268.3838383838384,0.25,3,0,0.7484848484848485,82.33333333333334,142.27272727272728,1,0.5600000000000004,28.00000000000002,43.000000000000014,1,0.0,0.0,0.0,0,0.0,0.0,0.0,0,0.6311111111111108,47.333333333333314,83.11111111111109,1,159.6666666666667,66.0
158,210.0,235.0,0.8936170212765957,0.5421382358373145,0.14625959140151729,12,7,19,none,0,0,48577.050505050494,334.6666666666667,0.3684210526315789,3,0,0.9333333333333335,102.66666666666669,170.00000000000003,1,0.8066666666666671,40.33333333333336,55.33333333333336,1,0.0,0.0,0.0,0,0.0,0.0,0.0,0,0.893333333333333,66.99999999999997,109.3333333333333,1,317.00000000000006,265.3333333333333
159,185.66666666666669,235.0,0.7900709219858156,0.5421382358373145,0.14625959140151729,4,2,6,none,0,0,48878.575757575745,301.52525252525254,0.3333333333333333,3,0,0.7242424242424245,79.66666666666669,138.63636363636368,1,0.8066666666666671,40.33333333333336,55.33333333333336,1,0.0,0.0,0.0,0,0.0,0.0,0.0,0,0.8755555555555552,65.66666666666664,107.55555555555551,1,287.00000000000006,385.3333333333333
160,165.0,235.0,0.7021276595744681,0.5280752572633276,0.1404113760742665,8,1,9,none,0,0,49157.75757575756,279.1818181818182,0.1111111111111111,3,0,0.7878787878787881,86.66666666666669,148.18181818181822,1,0.5066666666666672,25.333333333333357,40.33333333333336,1,0.0,0.0,0.0,0,0.0,0.0,0.0,0,0.7066666666666663,52.99999999999997,90.66666666666663,1,222.3333333333334,355.3333333333333
161,98.33333333333334,235.0,0.4184397163120568,0.5280752572633276,0.1404113760742665,3,3,6,none,0,0,49350.62626262625,192.86868686868686,0.5,3,0,0.46060606060606074,50.66666666666668,99.09090909090911,1,0.2866666666666671,14.333333333333357,29.333333333333357,1,0.0,0.0,0.0,0,0.0,0.0,0.0,0,0.444444444444444,33.3333333333333,64.4444444444444,1,190.00000000000006,276.0
162,93.0,235.0,0.39574468085106385,0.5280752572633276,0.1404113760742665,2,1,3,none,0,0,49536.74747474746,186.12121212121212,0.3333333333333333,3,0,0.43636363636363645,48.00000000000001,95.45454545454547,1,0.26000000000000045,13.000000000000023,28.00000000000002,1,0.0,0.0,0.0,0,0.0,0.0,0.0,0,0.42666666666666625,31.999999999999968,62.66666666666662,1,100.00000000000006,376.0
163,145.66666666666666,235.0,0.6198581560283688,0.5280752572633276,0.1404113760742665,9,0,9,none,0,0,49791.91919191918,255.17171717171715,0.0,3,0,0.6515151515151516,71.66666666666667,127.72727272727273,1,0.3733333333333338,18.66666666666669,33.666666666666686,1,0.0,0.0,0.0,0,0.0,0.0,0.0,0,0.7377777777777773,55.3333333333333,93.77777777777773,1,5.684341886080802e-14,166.0
164,193.33333333333331,235.0,0.8226950354609929,0.5280752572633276,0.1404113760742665,8,1,9,none,0,0,50107.40404040403,315.4848484848485,0.1111111111111111,3,0,0.9787878787878789,107.66666666666667,176.81818181818184,1,0.6333333333333339,31.666666666666693,46.66666666666669,1,0.0,0.0,0.0,0,0.0,0.0,0.0,0,0.7199999999999995,53.999999999999964,91.99999999999996,1,5.684341886080802e-14,66.0
165,201.0,235.0,0.8553191489361702,0.5080865792421927,0.154496287414223,8,5,13,none,0,0,50431.51515151514,324.1111111111111,0.38461538461538464,3,0,0.9333333333333333,102.66666666666667,170.0,1,0.7200000000000005,36.00000000000003,51.00000000000003,1,0.0,0.0,0.0,0,0.0,0.0,0.0,0,0.8311111111111107,62.3333333333333,103.11111111111107,1,125.00000000000006,250.66666666666666
166,214.33333333333331,235.0,0.9120567375886524,0.5080865792421927,0.154496287414223,6,1,7,none,0,0,50773.787878787865,342.27272727272725,0.14285714285714285,3,0,0.9818181818181818,108.0,177.27272727272728,1,0.7066666666666671,35.33333333333336,50.33333333333336,1,0.0,0.0,0.0,0,0.0,0.0,0.0,0,0.9466666666666663,70.99999999999997,114.66666666666663,1,164.6666666666667,250.66666666666666
167,205.33333333333331,235.0,0.8737588652482269,0.5080865792421927,0.154496287414223,5,2,7,none,0,0,51101.41414141413,327.6262626262626,0.2857142857142857,3,0,0.8545454545454545,94.0,158.1818181818182,1,0.8400000000000004,42.00000000000002,57.00000000000002,1,0.0,0.0,0.0,0,0.0,0.0,0.0,0,0.924444444444444,69.3333333333333,112.4444444444444,1,120.66666666666671,91.0
168,216.66666666666666,235.0,0.9219858156028369,0.5080865792421927,0.154496287414223,10,3,13,none,0,0,51445.0909090909,343.67676767676767,0.23076923076923078,3,0,0.9696969696969697,106.66666666666667,175.45454545454547,1,0.8066666666666671,40.33333333333336,55.33333333333336,1,0.0,0.0,0.0,0,0.0,0.0,0.0,0,0.9288888888888884,69.66666666666663,112.88888888888884,1,265.66666666666674,91.0
169,210.33333333333331,235.0,0.8950354609929078,0.5080865792421927,0.154496287414223,5,6,11,none,0,0,51778.98989898989,333.89898989898984,0.5454545454545454,3,0,0.8696969696969697,95.66666666666667,160.45454545454547,1,0.8666666666666671,43.33333333333336,58.33333333333336,1,0.0,0.0,0.0,0,0.0,0.0,0.0,0,0.9511111111111105,71.33333333333329,115.11111111111104,1,346.66666666666674,257.3333333333333
170,199.99999999999997,235.0,0.8510638297872339,0.49680224150478064,0.14200859637326743,8,7,15,none,0,0,52102.313131313116,323.3232323232323,0.4666666666666667,3,0,0.8636363636363636,95.0,159.54545454545456,1,0.6733333333333337,33.666666666666686,48.666666666666686,1,0.0,0.0,0.0,0,0.0,0.0,0.0,0,0.9511111111111105,71.33333333333329,115.11111111111104,1,481.66666666666674,349.0
171,203.66666666666663,235.0,0.8666666666666665,0.49680224150478064,0.14200859637326743,6,5,11,none,0,0,52430.81818181817,328.50505050505046,0.45454545454545453,3,0,0.9515151515151514,104.66666666666666,172.72727272727272,1,0.6733333333333337,33.666666666666686,48.666666666666686,1,0.0,0.0,0.0,0,0.0,0.0,0.0,0,0.8711111111111105,65.33333333333329,107.11111111111106,1,653.6666666666667,494.33333333333337
172,164.66666666666663,235.0,0.7007092198581558,0.49680224150478064,0.14200859637326743,5,3,8,none,0,0,52709.63636363635,278.81818181818176,0.375,3,0,0.8121212121212121,89.33333333333333,151.8181818181818,1,0.506666666666667,25.333333333333353,40.33333333333336,1,0.0,0.0,0.0,0,0.0,0.0,0.0,0,0.6666666666666661,49.99999999999996,86.6666666666666,1,484.33333333333337,384.0
173,165.33333333333331,235.0,0.70354609929078,0.49680224150478064,0.14200859637326743,6,0,6,none,0,0,52987.58585858585,277.9494949494949,0.0,3,0,0.8181818181818182,90.0,152.72727272727275,1,0.6133333333333337,30.666666666666686,45.666666666666686,1,0.0,0.0,0.0,0,0.0,0.0,0.0,0,0.5955555555555551,44.66666666666663,79.55555555555551,1,198.33333333333337,246.0
174,149.99999999999997,235.0,0.6382978723404255,0.49680224150478064,0.14200859637326743,3,2,5,none,0,0,53245.59595959595,258.0101010101009,0.4,3,0,0.703030303030303,77.33333333333333,135.45454545454544,1,0.5600000000000004,28.000000000000018,43.000000000000014,1,0.0,0.0,0.0,0,0.0,0.0,0.0,0,0.5955555555555551,44.66666666666663,79.55555555555551,1,171.33333333333337,256.0
175,160.66666666666663,235.0,0.6836879432624112,0.4942585104441186,0.13945805018183366,2,1,3,none,0,0,53522.32323232322,276.7272727272727,0.3333333333333333,3,0,0.9515151515151514,104.66666666666666,172.72727272727272,1,0.34000000000000036,17.000000000000018,32.000000000000014,1,0.0,0.0,0.0,0,0.0,0.0,0.0,0,0.5199999999999996,38.999999999999964,71.99999999999996,1,159.66666666666669,100.0
176,98.66666666666667,235.0,0.4198581560283688,0.4942585104441186,0.13945805018183366,5,0,5,none,0,0,53709.96969696969,187.64646464646466,0.0,3,0,0.4606060606060605,50.66666666666666,99.09090909090908,1,0.626666666666667,31.33333333333335,46.33333333333336,1,0.0,0.0,0.0,0,0.0,0.0,0.0,0,0.22222222222222218,16.666666666666664,42.222222222222214,1,39.666666666666686,0.0
177,215.33333333333334,235.0,0.9163120567375886,0.4942585104441186,0.13945805018183366,12,1,13,none,0,0,54050.828282828275,340.8585858585858,0.07692307692307693,3,0,0.9909090909090907,108.99999999999999,178.6363636363636,1,0.8733333333333337,43.666666666666686,58.666666666666686,1,0.0,0.0,0.0,0,0.0,0.0,0.0,0,0.8355555555555555,62.666666666666664,103.55555555555554,1,39.666666666666686,66.0
178,201.66666666666666,235.0,0.8581560283687942,0.4942585104441186,0.13945805018183366,2,2,4,none,0,0,54374.141414141406,323.3131313131313,0.5,3,0,0.8939393939393938,98.33333333333331,164.09090909090907,1,0.8133333333333337,40.666666666666686,55.666666666666686,1,0.0,0.0,0.0,0,0.0,0.0,0.0,0,0.8355555555555555,62.666666666666664,103.55555555555554,1,28.333333333333353,166.0
179,190.33333333333331,235.0,0.8099290780141843,0.4942585104441186,0.13945805018183366,6,5,11,none,0,0,54688.45454545454,314.3131313131313,0.45454545454545453,3,0,0.8939393939393938,98.33333333333331,164.09090909090907,1,0.44666666666666704,22.333333333333353,37.33333333333336,1,0.0,0.0,0.0,0,0.0,0.0,0.0,0,0.9288888888888888,69.66666666666666,112.88888888888887,1,268.33333333333337,405.6666666666667
180,153.66666666666666,235.0,0.6539007092198581,0.4906097840430955,0.14174641529537022,5,1,6,none,0,0,54954.939393939385,266.48484848484844,0.16666666666666666,3,0,0.8121212121212119,89.33333333333331,151.81818181818178,1,0.3666666666666671,18.333333333333353,33.33333333333336,1,0.0,0.0,0.0,0,0.0,0.0,0.0,0,0.6133333333333332,45.999999999999986,81.33333333333331,1,268.33333333333337,279.33333333333337
181,122.0,235.0,0.5191489361702127,0.4906097840430955,0.14174641529537022,1,0,1,none,0,0,55178.727272727265,223.78787878787878,0.0,3,0,0.5363636363636363,58.999999999999986,110.45454545454544,1,0.3400000000000004,17.00000000000002,32.00000000000002,1,0.0,0.0,0.0,0,0.0,0.0,0.0,0,0.6133333333333332,45.999999999999986,81.33333333333331,1,0.0,79.33333333333337
182,153.66666666666666,235.0,0.6539007092198581,0.4906097840430955,0.14174641529537022,4,3,7,none,0,0,55444.81818181818,266.0909090909091,0.42857142857142855,3,0,0.7939393939393937,87.33333333333331,149.09090909090907,1,0.38666666666666705,19.333333333333353,34.33333333333336,1,0.0,0.0,0.0,0,0.0,0.0,0.0,0,0.6266666666666665,46.999999999999986,82.66666666666666,1,100.0,171.6666666666667
183,120.99999999999997,235.0,0.5148936170212765,0.4906097840430955,0.14174641529537022,5,0,5,none,0,0,55668.404040404035,223.58585858585855,0.0,3,0,0.7090909090909089,77.99999999999997,136.36363636363632,1,0.3066666666666671,15.333333333333353,30.333333333333353,1,0.0,0.0,0.0,0,0.0,0.0,0.0,0,0.3688888888888887,27.666666666666654,56.88888888888887,1,100.0,132.00000000000006
184,204.0,235.0,0.8680851063829788,0.4906097840430955,0.14174641529537022,6,3,9,none,0,0,55996.0202020202,327.6161616161616,0.3333333333333333,3,0,0.9515151515151513,104.66666666666664,172.7272727272727,1,0.7533333333333337,37.666666666666686,52.666666666666686,1,0.0,0.0,0.0,0,0.0,0.0,0.0,0,0.8222222222222221,61.66666666666666,102.22222222222221,1,36.0,232.00000000000006
185,170.66666666666666,235.0,0.726241134751773,0.48134696057152726,0.13979156172385915,6,3,9,none,0,0,56281.65656565656,285.6363636363636,0.3333333333333333,3,0,0.8575757575757574,94.33333333333331,158.63636363636363,1,0.586666666666667,29.33333333333335,44.33333333333335,1,0.0,0.0,0.0,0,0.0,0.0,0.0,0,0.6266666666666666,46.99999999999999,82.66666666666666,1,64.33333333333333,228.3333333333334
186,178.0,235.0,0.7574468085106383,0.48134696057152726,0.13979156172385915,4,3,7,none,0,0,56577.737373737364,296.0808080808081,0.42857142857142855,3,0,0.8909090909090908,97.99999999999999,163.63636363636363,1,0.5533333333333337,27.666666666666682,42.666666666666686,1,0.0,0.0,0.0,0,0.0,0.0,0.0,0,0.6977777777777777,52.33333333333333,89.77777777777777,1,215.66666666666666,179.66666666666674
187,191.66666666666666,235.0,0.8156028368794326,0.48134696057152726,0.13979156172385915,8,1,9,none,0,0,56888.28282828282,310.5454545454545,0.1111111111111111,3,0,0.8636363636363635,94.99999999999999,159.54545454545453,1,0.7733333333333338,38.666666666666686,53.666666666666686,1,0.0,0.0,0.0,0,0.0,0.0,0.0,0,0.7733333333333332,57.99999999999999,97.33333333333331,1,245.66666666666666,79.66666666666674
188,198.33333333333334,235.0,0.8439716312056738,0.48134696057152726,0.13979156172385915,4,3,7,none,0,0,57208.0606060606,319.77777777777777,0.42857142857142855,3,0,0.9666666666666667,106.33333333333333,175.0,1,0.7733333333333338,38.666666666666686,53.666666666666686,1,0.0,0.0,0.0,0,0.0,0.0,0.0,0,0.711111111111111,53.33333333333333,91.1111111111111,1,183.33333333333331,166.33333333333343
189,201.00000000000003,235.0,0.8553191489361703,0.48134696057152726,0.13979156172385915,10,3,13,none,0,0,57532.27272727272,324.21212121212125,0.23076923076923078,3,0,0.9636363636363636,106.0,174.54545454545453,1,0.7200000000000004,36.00000000000002,51.00000000000002,1,0.0,0.0,0.0,0,0.0,0.0,0.0,0,0.7866666666666666,59.0,98.66666666666666,1,149.99999999999997,325.0000000000001
190,220.00000000000003,235.0,0.9361702127659576,0.4780593496680528,0.1322586541734076,6,5,11,none,0,0,57879.040404040396,346.7676767676768,0.45454545454545453,3,0,0.9636363636363636,106.0,174.54545454545453,1,0.8866666666666672,44.33333333333336,59.33333333333336,1,0.0,0.0,0.0,0,0.0,0.0,0.0,0,0.928888888888889,69.66666666666667,112.8888888888889,1,261.0,391.0000000000001
191,179.66666666666669,235.0,0.7645390070921987,0.4780593496680528,0.1322586541734076,5,2,7,none,0,0,58172.74747474747,293.7070707070707,0.2857142857142857,3,0,0.6454545454545453,70.99999999999999,126.8181818181818,1,0.7800000000000005,39.00000000000002,54.00000000000002,1,0.0,0.0,0.0,0,0.0,0.0,0.0,0,0.928888888888889,69.66666666666667,112.8888888888889,1,315.0,232.33333333333346
192,202.66666666666669,235.0,0.8624113475177306,0.4780593496680528,0.1322586541734076,7,3,10,none,0,0,58496.34343434343,323.5959595959596,0.3,3,0,0.9454545454545452,103.99999999999997,171.81818181818178,1,0.8866666666666672,44.33333333333336,59.33333333333336,1,0.0,0.0,0.0,0,0.0,0.0,0.0,0,0.7244444444444446,54.33333333333334,92.44444444444446,1,417.0,242.33333333333346
193,195.0,235.0,0.8297872340425532,0.4780593496680528,0.1322586541734076,4,3,7,none,0,0,58813.17171717171,316.82828282828285,0.42857142857142855,3,0,0.8818181818181816,96.99999999999997,162.27272727272725,1,0.6666666666666672,33.33333333333336,48.33333333333336,1,0.0,0.0,0.0,0,0.0,0.0,0.0,0,0.8622222222222224,64.66666666666669,106.22222222222224,1,340.0,331.3333333333335
194,219.0,235.0,0.9319148936170213,0.4780593496680528,0.1322586541734076,4,6,10,none,0,0,59158.24242424242,345.07070707070704,0.6,3,0,0.9878787878787876,108.66666666666663,178.18181818181813,1,0.9133333333333339,45.66666666666669,60.66666666666669,1,0.0,0.0,0.0,0,0.0,0.0,0.0,0,0.8622222222222224,64.66666666666669,106.22222222222224,1,262.33333333333337,364.3333333333334
195,191.66666666666666,235.0,0.8156028368794326,0.47940440130473555,0.1305481275537319,4,3,7,none,0,0,59470.040404040396,311.79797979797974,0.42857142857142855,3,0,0.8393939393939389,92.33333333333329,155.90909090909082,1,0.6933333333333338,34.66666666666669,49.66666666666669,1,0.0,0.0,0.0,0,0.0,0.0,0.0,0,0.8622222222222224,64.66666666666669,106.22222222222224,1,232.33333333333337,463.3333333333334
196,174.33333333333331,235.0,0.7418439716312056,0.47940440130473555,0.1305481275537319,7,0,7,none,0,0,59760.34343434343,290.3030303030303,0.0,3,0,0.8909090909090904,97.99999999999994,163.63636363636357,1,0.6066666666666672,30.33333333333336,45.33333333333336,1,0.0,0.0,0.0,0,0.0,0.0,0.0,0,0.6133333333333336,46.00000000000002,81.33333333333337,1,207.33333333333337,283.3333333333334
197,154.66666666666666,235.0,0.6581560283687943,0.47940440130473555,0.1305481275537319,6,2,8,none,0,0,60022.828282828275,262.4848484848485,0.25,3,0,0.7121212121212117,78.33333333333329,136.81818181818176,1,0.6666666666666672,33.33333333333336,48.33333333333336,1,0.0,0.0,0.0,0,0.0,0.0,0.0,0,0.5733333333333336,43.00000000000002,77.33333333333336,1,231.33333333333337,99.00000000000009
198,201.0,235.0,0.8553191489361702,0.47940440130473555,0.1305481275537319,7,0,7,none,0,0,60347.63636363635,324.8080808080808,0.0,3,0,0.8757575757575753,96.33333333333329,161.3636363636363,1,0.6666666666666672,33.33333333333336,48.33333333333336,1,0.0,0.0,0.0,0,0.0,0.0,0.0,0,0.9511111111111115,71.33333333333336,115.11111111111114,1,141.33333333333337,8.526512829121202e-14
199,206.0,235.0,0.8765957446808511,0.47940440130473555,0.1305481275537319,4,5,9,none,0,0,60679.48484848484,331.8484848484848,0.5555555555555556,3,0,0.9878787878787874,108.66666666666661,178.1818181818181,1,0.6666666666666672,33.33333333333336,48.33333333333336,1,0.0,0.0,0.0,0,0.0,0.0,0.0,0,0.8533333333333337,64.00000000000003,105.33333333333337,1,210.6666666666667,228.00000000000009
