t,pool_active_cpu_fog,pool_fog_capacity,pool_pressure,predicted_pressure,prediction_uncertainty,offload_ratio,tasks_placed_fog,tasks_placed_cloud,scale_decision,fog_f0_p,fog_f0_power,fog_f1_p,fog_f1_power,fog_f2_p,fog_f2_power,fog_f3_p,fog_f3_power,fog_f4_p,fog_f4_power,cloud_c0_load,cloud_c1_load
0,91.3333,185.0,0.493694,0.0,0.05,0.0,2,0,down,0.818182,152.7273,0.0,0.0,0.0,0.0,0.0,0.0,0.017778,21.7778,0.0,0.0
1,157.3333,185.0,0.85045,0.172793,0.246847,0.0,1,0,none,0.818182,152.7273,0.0,0.0,0.0,0.0,0.0,0.0,0.897778,109.7778,0.0,0.0
2,158.6667,185.0,0.857658,0.409973,0.348692,0.300901,1,1,none,0.830303,154.5455,0.0,0.0,0.0,0.0,0.0,0.0,0.897778,109.7778,0.05,0.0
3,164.3333,185.0,0.888288,0.396392,0.303805,0.0,2,0,none,0.881818,162.2727,0.0,0.0,0.0,0.0,0.0,0.0,0.897778,109.7778,0.05,0.0
4,99.6667,185.0,0.538739,0.441169,0.274403,0.0,2,0,none,0.881818,162.2727,0.0,0.0,0.0,0.0,0.0,0.0,0.035556,23.5556,0.0,0.0
5,101.0,185.0,0.545946,0.475318,0.252771,0.0,1,0,none,0.881818,162.2727,0.0,0.0,0.0,0.0,0.0,0.0,0.053333,25.3333,0.0,0.0
6,30.6667,185.0,0.165766,0.316524,0.280405,0.0,3,0,none,0.242424,66.3636,0.0,0.0,0.0,0.0,0.0,0.0,0.053333,25.3333,0.0,0.0
7,146.6667,185.0,0.792793,0.263759,0.273495,0.0,3,0,none,1.069697,180.0,0.0,0.0,0.0,0.0,0.0,0.0,0.386667,58.6667,0.0,0.0
8,299.3333,185.0,1.618018,0.443876,0.287927,0.156757,4,0,none,1.887879,180.0,0.0,0.0,0.0,0.0,0.0,0.0,1.222222,120.0,0.0,0.0
9,417.6667,280.0,1.491667,0.707258,0.359752,0.180952,3,2,emergency_up,1.418182,180.0,0.0,0.0,1.803509,145.0,0.0,0.0,1.204444,120.0,0.002667,0.022
10,360.3333,365.0,0.987215,0.899301,0.38378,0.526941,2,4,emergency_up,0.818182,152.7273,0.0,0.0,1.803509,145.0,0.101961,30.1961,1.204444,120.0,0.058667,0.069333
11,166.0,365.0,0.454795,0.64208,0.406624,0.0,2,0,none,0.736364,140.4545,0.0,0.0,0.540351,89.8421,0.101961,30.1961,0.333333,53.3333,0.058667,0.069333
12,368.3333,365.0,1.009132,0.527306,0.403659,0.0,4,0,none,0.736364,140.4545,0.0,0.0,0.866667,129.0,1.513725,120.0,1.017778,120.0,0.008667,0.047333
13,355.6667,365.0,0.974429,0.663662,0.414814,0.43379,2,0,none,0.9,165.0,0.0,0.0,0.866667,129.0,1.411765,120.0,0.724444,92.4444,0.0,0.0
14,174.0,365.0,0.476712,0.579691,0.417439,0.0,2,0,none,0.175758,56.3636,0.0,0.0,0.866667,129.0,0.211765,41.1765,0.724444,92.4444,0.0,0.0
15,208.3333,365.0,0.570776,0.416753,0.440205,0.0,4,0,none,1.266667,180.0,0.0,0.0,0.491228,83.9474,0.211765,41.1765,0.057778,25.7778,0.0,0.0
16,207.0,365.0,0.567123,0.449246,0.406317,0.0,2,0,none,1.10303,180.0,0.0,0.0,0.477193,82.2632,0.211765,41.1765,0.297778,49.7778,0.0,0.0
17,99.6667,365.0,0.273059,0.358174,0.403975,0.0,2,0,none,0.290909,73.6364,0.0,0.0,0.477193,82.2632,0.0,20.0,0.297778,49.7778,0.0,0.0
18,176.6667,280.0,0.630952,0.283635,0.41827,0.0,3,0,down,0.493939,104.0909,0.0,0.0,1.052632,145.0,0.0,0.0,0.297778,49.7778,0.0,0.0
19,130.6667,280.0,0.466667,0.34603,0.352952,0.0,1,0,none,0.266667,70.0,0.0,0.0,1.052632,145.0,0.0,0.0,0.017778,21.7778,0.0,0.0
20,245.6667,185.0,1.327928,0.256169,0.2427,0.0,5,0,down,1.724242,180.0,0.0,0.0,0.0,0.0,0.0,0.0,0.746667,94.6667,0.0,0.0
21,342.6667,280.0,1.22381,0.58651,0.347186,0.185714,2,0,emergency_up,1.509091,180.0,0.0,0.0,1.270175,145.0,0.0,0.0,0.746667,94.6667,0.0,0.0
22,228.6667,280.0,0.816667,0.653315,0.358504,0.154762,1,1,none,0.6,120.0,0.0,0.0,1.270175,145.0,0.0,0.0,0.56,76.0,0.2,0.0
23,133.0,280.0,0.475,0.590905,0.328219,0.0,0,0,none,0.0,30.0,0.0,0.0,1.270175,145.0,0.0,0.0,0.164444,36.4444,0.2,0.0
24,70.6667,280.0,0.252381,0.397838,0.349524,0.0,4,0,none,0.327273,79.0909,0.0,0.0,0.249123,54.8947,0.0,0.0,0.146667,34.6667,0.0,0.0
25,105.3333,280.0,0.37619,0.333178,0.342623,0.0,3,0,none,0.327273,79.0909,0.0,0.0,0.312281,62.4737,0.0,0.0,0.528889,72.8889,0.0,0.0
26,108.3333,280.0,0.386905,0.348232,0.341078,0.0,1,0,none,0.327273,79.0909,0.0,0.0,0.34386,66.2632,0.0,0.0,0.528889,72.8889,0.0,0.0
27,106.0,170.0,0.623529,0.287184,0.342034,0.0,7,0,down,0.0,0.0,0.0,0.0,0.666667,105.0,0.0,0.0,0.568889,76.8889,0.0,0.0
28,121.3333,170.0,0.713725,0.310886,0.332361,0.0,3,0,none,0.0,0.0,0.0,0.0,0.603509,97.4211,0.0,0.0,0.853333,105.3333,0.0,0.0
29,93.3333,170.0,0.54902,0.394232,0.334582,0.0,0,0,none,0.0,0.0,0.0,0.0,0.308772,62.0526,0.0,0.0,0.853333,105.3333,0.0,0.0
30,62.3333,170.0,0.366667,0.284388,0.335484,0.0,3,0,none,0.0,0.0,0.0,0.0,0.291228,59.9474,0.0,0.0,0.462222,66.2222,0.0,0.0
31,173.6667,170.0,1.021569,0.285049,0.214156,0.0,2,0,none,0.0,0.0,0.0,0.0,1.315789,145.0,0.0,0.0,0.648889,84.8889,0.0,0.0
32,148.6667,170.0,0.87451,0.49136,0.235273,0.34902,0,0,none,0.0,0.0,0.0,0.0,1.052632,145.0,0.0,0.0,0.648889,84.8889,0.0,0.0
33,107.3333,170.0,0.631373,0.319384,0.251094,0.0,3,0,none,0.0,0.0,0.0,0.0,0.852632,127.3158,0.0,0.0,0.351111,55.1111,0.0,0.0
34,110.3333,170.0,0.64902,0.42858,0.253669,0.0,1,0,none,0.0,0.0,0.0,0.0,0.852632,127.3158,0.0,0.0,0.391111,59.1111,0.0,0.0
35,217.3333,170.0,1.278431,0.454263,0.252428,0.0,5,0,none,0.0,0.0,0.0,0.0,1.392982,145.0,0.0,0.0,1.133333,120.0,0.0,0.0
36,253.6667,170.0,1.492157,0.575957,0.281902,0.203922,6,0,none,0.0,0.0,0.0,0.0,1.585965,145.0,0.0,0.0,1.373333,120.0,0.0,0.0
37,227.3333,280.0,0.811905,0.836235,0.374121,0.202381,1,1,emergency_up,0.027273,34.0909,0.0,0.0,1.585965,145.0,0.0,0.0,0.982222,118.2222,0.011333,0.0
38,127.3333,280.0,0.454762,0.695636,0.37093,0.0,1,0,none,0.078788,41.8182,0.0,0.0,1.045614,145.0,0.0,0.0,0.257778,45.7778,0.011333,0.0
39,33.6667,280.0,0.120238,0.464663,0.40149,0.0,2,0,none,0.078788,41.8182,0.0,0.0,0.073684,33.8421,0.0,0.0,0.24,44.0,0.011333,0.0
40,123.0,280.0,0.439286,0.338698,0.399022,0.0,4,0,none,0.378788,86.8182,0.0,0.0,0.477193,82.2632,0.0,0.0,0.48,68.0,0.0,0.0
41,199.6667,280.0,0.713095,0.36682,0.393897,0.0,4,0,none,0.748485,142.2727,0.0,0.0,0.740351,113.8421,0.0,0.0,0.626667,82.6667,0.0,0.0
42,170.3333,280.0,0.608333,0.427183,0.375483,0.0,4,0,none,0.621212,123.1818,0.0,0.0,0.680702,106.6842,0.0,0.0,0.497778,69.7778,0.0,0.0
43,90.6667,280.0,0.32381,0.373502,0.348588,0.0,2,0,none,0.521212,108.1818,0.0,0.0,0.147368,42.6842,0.0,0.0,0.257778,45.7778,0.0,0.0
44,50.0,280.0,0.178571,0.284443,0.363746,0.0,2,0,none,0.251515,67.7273,0.0,0.0,0.147368,42.6842,0.0,0.0,0.111111,31.1111,0.0,0.0
45,84.6667,280.0,0.302381,0.226555,0.376708,0.0,1,0,none,0.618182,122.7273,0.0,0.0,0.147368,42.6842,0.0,0.0,0.035556,23.5556,0.0,0.0
46,180.3333,205.0,0.879675,0.232261,0.356314,0.0,3,0,down,0.781818,147.2727,0.0,0.0,0.992982,144.1579,0.0,0.0,0.0,0.0,0.0,0.0
47,165.0,205.0,0.804878,0.4304,0.226839,0.196748,1,2,none,0.642424,126.3636,0.0,0.0,0.992982,144.1579,0.0,0.0,0.0,0.0,0.022,0.022
48,149.6667,205.0,0.730081,0.473825,0.236158,0.0,2,0,none,0.50303,105.4545,0.0,0.0,0.992982,144.1579,0.0,0.0,0.0,0.0,0.022,0.022
49,62.3333,205.0,0.304065,0.371726,0.222164,0.0,1,0,none,0.339394,80.9091,0.0,0.0,0.263158,56.5789,0.0,0.0,0.0,0.0,0.022,0.022
50,286.0,205.0,1.395122,0.348045,0.209149,0.0,6,0,none,1.339394,180.0,0.0,0.0,1.459649,145.0,0.0,0.0,0.0,0.0,0.0,0.0
51,337.6667,290.0,1.164368,0.608099,0.304904,0.142529,4,1,emergency_up,1.2,180.0,0.0,0.0,1.196491,145.0,1.082353,120.0,0.0,0.0,0.079333,0.0
52,337.6667,365.0,0.925114,0.802793,0.377813,0.450228,0,0,emergency_up,1.2,180.0,0.0,0.0,1.196491,145.0,1.082353,120.0,0.0,20.0,0.079333,0.0
53,114.0,365.0,0.312329,0.631131,0.375833,0.0,0,0,none,0.2,60.0,0.0,0.0,0.0,25.0,1.082353,120.0,0.0,20.0,0.079333,0.0
54,102.0,365.0,0.279452,0.410235,0.38901,0.0,3,0,none,0.6,120.0,0.0,0.0,0.115789,38.8947,0.294118,49.4118,0.0,20.0,0.0,0.0
55,236.0,365.0,0.646575,0.364461,0.377048,0.0,4,0,none,0.6,120.0,0.0,0.0,1.063158,145.0,0.309804,50.9804,0.568889,76.8889,0.0,0.0
56,398.3333,365.0,1.091324,0.439228,0.368123,0.0,4,0,none,1.124242,180.0,0.0,0.0,1.063158,145.0,1.07451,120.0,1.097778,120.0,0.0,0.0
57,360.3333,365.0,0.987215,0.593626,0.374938,0.360731,3,2,none,0.878788,161.8182,0.0,0.0,0.947368,138.6842,1.07451,120.0,1.097778,120.0,0.18,0.18
58,323.3333,365.0,0.885845,0.604168,0.375879,0.0,2,0,none,0.878788,161.8182,0.0,0.0,0.947368,138.6842,1.07451,120.0,0.604444,80.4444,0.18,0.18
59,192.3333,365.0,0.526941,0.497869,0.366112,0.0,3,0,none,0.487879,103.1818,0.0,0.0,0.947368,138.6842,0.211765,41.1765,0.408889,60.8889,0.18,0.18
60,419.3333,365.0,1.148858,0.494619,0.357633,0.0,7,0,none,1.324242,180.0,0.0,0.0,0.947368,138.6842,0.623529,82.3529,1.742222,120.0,0.0,0.0
61,369.0,365.0,1.010959,0.607895,0.325993,0.23653,7,1,none,1.324242,180.0,0.0,0.0,0.740351,113.8421,0.623529,82.3529,1.333333,120.0,0.132,0.0
62,425.6667,365.0,1.16621,0.549835,0.252368,0.0,11,0,none,1.051515,180.0,0.0,0.0,1.038596,145.0,1.635294,120.0,0.964444,116.4444,0.132,0.0
63,477.6667,365.0,1.308676,0.679585,0.278425,0.441096,6,5,none,1.224242,180.0,0.0,0.0,1.347368,145.0,1.533333,120.0,1.128889,120.0,0.132,0.122
64,373.3333,365.0,1.022831,0.73899,0.227767,0.29863,5,3,none,1.224242,180.0,0.0,0.0,0.838596,125.6316,0.87451,107.451,1.128889,120.0,0.188667,0.122
65,336.0,365.0,0.920548,0.582307,0.226023,0.0,8,0,none,0.869697,160.4545,0.0,0.0,1.414035,145.0,0.662745,86.2745,0.662222,86.2222,0.188667,0.072
66,447.6667,365.0,1.226484,0.660737,0.232158,0.212785,8,5,none,1.133333,180.0,0.0,0.0,1.221053,145.0,1.266667,120.0,1.324444,120.0,0.245333,0.191333
67,387.3333,365.0,1.061187,0.775324,0.245107,0.576256,3,6,none,1.133333,180.0,0.0,0.0,1.031579,145.0,1.043137,120.0,1.013333,120.0,0.463333,0.424667
68,536.6667,365.0,1.47032,0.676563,0.249747,0.0,12,0,none,1.19697,180.0,0.0,0.0,1.578947,145.0,1.941176,120.0,1.2,120.0,0.413333,0.374667
69,420.6667,415.0,1.013655,0.808625,0.24965,0.453815,4,7,emergency_up,0.933333,170.0,0.5,40.0,1.463158,145.0,1.337255,120.0,0.537778,73.7778,0.426,0.447333
70,490.0,415.0,1.180723,0.835686,0.241928,0.371888,6,4,none,1.533333,180.0,0.526667,41.3333,1.463158,145.0,1.058824,120.0,0.88,108.0,0.484,0.554667
71,482.6667,415.0,1.163052,0.678979,0.264085,0.0,6,0,none,1.80303,180.0,0.553333,42.6667,1.466667,145.0,0.603922,80.3922,0.88,108.0,0.281333,0.354667
72,488.3333,415.0,1.176707,0.816919,0.267441,0.746185,4,7,none,1.790909,180.0,0.58,44.0,1.452632,145.0,0.815686,101.5686,0.733333,93.3333,0.286667,0.457333
73,755.0,415.0,1.819277,0.637262,0.29634,0.0,13,0,none,1.278788,180.0,1.273333,65.0,2.02807,145.0,2.227451,120.0,2.248889,120.0,0.124667,0.314
74,676.0,415.0,1.628916,0.982092,0.403305,0.8,2,9,none,1.20303,180.0,1.246667,65.0,1.838596,145.0,1.623529,120.0,2.248889,120.0,0.304667,0.273333
75,392.3333,415.0,0.945382,0.805348,0.38368,0.0,7,0,none,1.20303,180.0,0.306667,30.3333,1.259649,145.0,0.588235,78.8235,1.0,120.0,0.18,0.159333
76,275.6667,415.0,0.664257,0.690745,0.396363,0.0,6,0,none,0.551515,112.7273,0.446667,37.3333,0.961404,140.3684,0.588235,78.8235,0.684444,88.4444,0.18,0.059333
77,513.6667,415.0,1.237751,0.659265,0.392681,0.0,9,0,none,1.369697,180.0,1.28,65.0,1.210526,145.0,1.094118,120.0,1.213333,120.0,0.0,0.002667
78,545.3333,415.0,1.314056,0.716675,0.384536,0.246586,6,3,none,1.345455,180.0,1.22,65.0,1.821053,145.0,1.160784,120.0,0.862222,106.2222,0.2,0.168
79,451.3333,415.0,1.08755,0.840578,0.385804,0.741365,2,6,none,0.869697,160.4545,0.86,58.0,1.557895,145.0,1.160784,120.0,0.88,108.0,0.302667,0.304
80,293.6667,415.0,0.707631,0.559588,0.44081,0.0,15,0,none,1.209091,180.0,0.42,36.0,0.635088,101.2105,0.427451,62.7451,0.573333,77.3333,0.102667,0.304
81,589.0,415.0,1.419277,0.604094,0.429476,0.0,11,0,none,1.236364,180.0,1.306667,65.0,1.210526,145.0,1.52549,120.0,1.906667,120.0,0.102667,0.086
82,578.3333,415.0,1.393574,0.863545,0.458798,0.8,4,7,none,1.287879,180.0,1.306667,65.0,1.242105,145.0,1.298039,120.0,1.906667,120.0,0.155333,0.156
83,342.3333,415.0,0.8249,0.73026,0.444507,0.0,6,0,none,1.030303,180.0,0.413333,35.6667,0.638596,101.6316,1.231373,120.0,0.573333,77.3333,0.155333,0.156
84,376.3333,415.0,0.906827,0.613544,0.349251,0.0,7,0,none,1.00303,180.0,0.846667,57.3333,1.242105,145.0,0.701961,90.1961,0.613333,81.3333,0.105333,0.156
85,507.0,415.0,1.221687,0.697077,0.349893,0.304418,5,5,none,1.809091,180.0,0.82,56.0,1.210526,145.0,0.847059,104.7059,1.066667,120.0,0.165333,0.079333
86,593.3333,415.0,1.429719,0.718763,0.343977,0.118072,10,1,none,1.984848,180.0,0.94,62.0,1.063158,145.0,1.729412,120.0,1.066667,120.0,0.162667,0.129333
87,369.3333,415.0,0.88996,0.746915,0.343084,0.198394,4,0,none,1.075758,180.0,0.32,31.0,0.421053,75.5263,1.388235,120.0,1.026667,120.0,0.162667,0.129333
88,395.3333,415.0,0.95261,0.668788,0.346292,0.0,7,0,none,1.075758,180.0,0.38,34.0,1.273684,145.0,1.105882,120.0,0.573333,77.3333,0.002667,0.0
89,697.0,415.0,1.679518,0.6166,0.325405,0.0,12,0,none,1.557576,180.0,1.613333,65.0,2.421053,145.0,1.4,120.0,1.28,120.0,0.0,0.0
90,680.3333,415.0,1.639357,0.956854,0.368071,0.8,4,6,none,1.557576,180.0,1.44,65.0,2.115789,145.0,1.435294,120.0,1.52,120.0,0.138,0.133333
91,611.3333,415.0,1.473092,0.82324,0.37286,0.0,10,0,none,1.557576,180.0,1.38,65.0,1.242105,145.0,1.635294,120.0,1.52,120.0,0.138,0.133333
92,420.0,415.0,1.012048,0.868239,0.329844,0.503614,1,2,none,1.090909,180.0,0.5,40.0,1.242105,145.0,1.619608,120.0,0.257778,45.7778,0.188,0.215333
93,368.6667,415.0,0.888353,0.652066,0.354708,0.0,12,0,none,0.960606,174.0909,0.673333,48.6667,1.02807,145.0,0.913725,111.3725,0.72,92.0,0.05,0.132
94,409.0,415.0,0.985542,0.649305,0.339486,0.0,9,0,none,0.960606,174.0909,0.873333,58.6667,0.870175,129.4211,1.301961,120.0,0.884444,108.4444,0.0,0.132
95,417.3333,415.0,1.005622,0.764739,0.345521,0.558233,1,3,none,0.960606,174.0909,0.873333,58.6667,0.985965,143.3158,1.270588,120.0,0.884444,108.4444,0.182,0.132
96,287.3333,415.0,0.692369,0.604751,0.371122,0.0,7,0,none,0.524242,108.6364,0.42,36.0,0.873684,129.8421,1.058824,120.0,0.475556,67.5556,0.182,0.132
97,481.3333,415.0,1.159839,0.540397,0.379689,0.0,9,0,none,1.260606,180.0,0.613333,45.6667,0.842105,126.0526,2.015686,120.0,0.808889,100.8889,0.182,0.132
98,469.3333,415.0,1.130924,0.744551,0.397832,0.8,1,6,none,1.260606,180.0,0.646667,47.3333,0.726316,112.1579,2.015686,120.0,0.773333,97.3333,0.25,0.094667
99,514.3333,415.0,1.239357,0.622834,0.40614,0.0,8,0,none,1.827273,180.0,0.76,53.0,1.052632,145.0,1.380392,120.0,0.773333,97.3333,0.25,0.094667
100,419.6667,415.0,1.011245,0.703396,0.293938,0.306024,6,2,none,1.090909,180.0,0.84,57.0,1.052632,145.0,1.070588,120.0,0.888889,108.8889,0.05,0.244667
101,632.3333,415.0,1.523695,0.600862,0.302185,0.0,11,0,none,1.493939,180.0,1.253333,65.0,1.175439,145.0,1.537255,120.0,2.173333,120.0,0.05,0.202667
102,527.6667,415.0,1.271486,0.814496,0.337451,0.8,3,5,none,1.493939,180.0,0.92,61.0,1.175439,145.0,0.760784,96.0784,1.88,120.0,0.173333,0.142667
103,479.6667,415.0,1.155823,0.674483,0.320751,0.0,9,0,none,1.378788,180.0,0.526667,41.3333,0.912281,134.4737,1.937255,120.0,0.671111,87.1111,0.173333,0.142667
104,341.0,415.0,0.821687,0.721225,0.322877,0.216064,3,0,none,1.215152,180.0,0.526667,41.3333,0.059649,32.1579,1.470588,120.0,0.671111,87.1111,0.173333,0.092667
105,287.3333,415.0,0.692369,0.607672,0.318421,0.0,6,0,none,1.20303,180.0,0.58,44.0,0.754386,115.5263,0.356863,55.6863,0.32,52.0,0.0,0.0
106,454.3333,415.0,1.094779,0.504344,0.317929,0.0,10,0,none,1.090909,180.0,0.58,44.0,1.449123,145.0,1.156863,120.0,0.924444,112.4444,0.0,0.0
107,425.0,415.0,1.024096,0.686257,0.328667,0.648193,0,6,none,1.090909,180.0,0.053333,17.6667,1.417544,145.0,1.156863,120.0,0.924444,112.4444,0.284,0.108
108,488.0,415.0,1.175904,0.599842,0.302506,0.0,7,0,none,1.827273,180.0,0.526667,41.3333,1.547368,145.0,0.815686,101.5686,0.591111,79.1111,0.284,0.108
109,435.3333,415.0,1.048996,0.648813,0.293817,0.079518,6,0,none,1.827273,180.0,0.473333,38.6667,0.852632,127.3158,1.423529,120.0,0.115556,31.5556,0.044,0.058
110,709.0,415.0,1.708434,0.686548,0.288898,0.113253,10,1,none,2.054545,180.0,0.806667,55.3333,1.547368,145.0,1.423529,120.0,2.328889,120.0,0.002667,0.0
111,462.6667,415.0,1.114859,0.805533,0.296547,0.653012,4,2,none,1.318182,180.0,0.44,37.0,0.694737,108.3684,0.647059,84.7059,2.328889,120.0,0.038667,0.05
112,307.3333,415.0,0.740562,0.661066,0.258186,0.0,6,0,none,1.021212,180.0,0.446667,37.3333,0.694737,108.3684,0.741176,94.1176,0.582222,78.2222,0.038667,0.05
113,328.0,415.0,0.790361,0.582344,0.256443,0.0,8,0,none,1.021212,180.0,0.813333,55.6667,0.638596,101.6316,0.741176,94.1176,0.684444,88.4444,0.038667,0.0
114,438.0,415.0,1.055422,0.626475,0.251345,0.016867,4,0,none,1.021212,180.0,0.813333,55.6667,0.901754,133.2105,1.4,120.0,1.071111,120.0,0.0,0.0
115,890.0,415.0,2.144578,0.652631,0.240258,0.00241,13,0,none,2.542424,180.0,1.693333,65.0,1.954386,145.0,2.117647,120.0,2.133333,120.0,0.0,0.0
116,719.3333,415.0,1.733333,1.029752,0.376615,0.8,1,3,none,2.542424,180.0,1.02,65.0,1.052632,145.0,2.117647,120.0,1.448889,120.0,0.129333,0.05
117,444.6667,415.0,1.071486,0.888897,0.371306,0.0,9,0,none,1.172727,180.0,1.02,65.0,1.0,145.0,1.058824,120.0,1.062222,120.0,0.129333,0.05
118,238.3333,415.0,0.574297,0.735494,0.370361,0.0,5,0,none,0.812121,151.8182,0.413333,35.6667,1.0,145.0,0.227451,42.7451,0.186667,38.6667,0.079333,0.0
119,614.6667,415.0,1.481124,0.656866,0.377718,0.0,15,0,none,1.548485,180.0,0.946667,62.3333,1.277193,145.0,2.415686,120.0,0.937778,113.7778,0.0,0.0
120,455.3333,415.0,1.097189,0.810979,0.393251,0.794378,0,6,none,0.748485,142.2727,0.92,61.0,0.540351,89.8421,2.415686,120.0,0.937778,113.7778,0.424,0.302667
121,498.3333,415.0,1.200803,0.703401,0.390169,0.0,9,0,none,1.5,180.0,0.88,59.0,1.392982,145.0,0.792157,99.2157,1.195556,120.0,0.424,0.302667
122,425.3333,415.0,1.0249,0.702352,0.37533,0.000803,6,0,none,1.124242,180.0,0.82,56.0,1.150877,145.0,0.964706,116.4706,0.924444,112.4444,0.424,0.102667
123,506.6667,415.0,1.220884,0.793035,0.364818,0.522892,6,4,none,1.124242,180.0,0.96,63.0,1.150877,145.0,1.643137,120.0,1.146667,120.0,0.202667,0.02
124,669.6667,415.0,1.613655,0.67993,0.377546,0.0,12,0,none,1.778788,180.0,0.786667,54.3333,1.326316,145.0,2.231373,120.0,1.586667,120.0,0.2,0.02
125,582.3333,415.0,1.403213,0.933079,0.420115,0.8,0,6,none,1.418182,180.0,0.76,53.0,1.02807,145.0,2.164706,120.0,1.422222,120.0,0.268,0.258667
126,416.0,415.0,1.00241,0.92361,0.303001,0.412048,3,2,none,1.418182,180.0,0.646667,47.3333,1.02807,145.0,0.470588,67.0588,1.2,120.0,0.4,0.298
127,137.6667,415.0,0.331727,0.635206,0.362215,0.0,10,0,none,0.454545,98.1818,0.113333,20.6667,0.294737,60.3684,0.470588,67.0588,0.186667,38.6667,0.4,0.295333
128,528.3333,415.0,1.273092,0.527864,0.372668,0.0,10,0,none,1.545455,180.0,0.533333,41.6667,1.431579,145.0,1.713725,120.0,0.666667,86.6667,0.132,0.056667
129,449.6667,415.0,1.083534,0.71279,0.381089,0.71245,4,7,none,1.318182,180.0,0.646667,47.3333,1.168421,145.0,1.243137,120.0,0.742222,94.2222,0.345333,0.262667
130,413.3333,415.0,0.995984,0.597972,0.37658,0.0,13,0,none,1.278788,180.0,0.613333,45.6667,1.136842,145.0,0.741176,94.1176,0.946667,114.6667,0.345333,0.262667
131,631.3333,415.0,1.521285,0.6133,0.372316,0.0,8,0,none,1.278788,180.0,1.013333,65.0,1.680702,145.0,2.086275,120.0,1.373333,120.0,0.345333,0.022667
132,600.6667,415.0,1.44739,0.901577,0.433836,0.8,2,9,none,1.278788,180.0,0.953333,62.6667,1.680702,145.0,2.086275,120.0,1.004444,120.0,0.228667,0.224667
133,203.0,415.0,0.489157,0.677391,0.453192,0.0,6,0,none,0.390909,88.6364,0.9,60.0,0.417544,75.1053,0.607843,80.7843,0.315556,51.5556,0.228667,0.224667
134,256.3333,415.0,0.617671,0.523798,0.469883,0.0,4,0,none,0.390909,88.6364,0.053333,17.6667,1.263158,145.0,0.607843,80.7843,0.52,72.0,0.228667,0.224667
135,491.0,415.0,1.183133,0.511955,0.403689,0.0,7,0,none,1.636364,180.0,0.666667,48.3333,1.263158,145.0,1.301961,120.0,0.626667,82.6667,0.0,0.002667
136,450.3333,415.0,1.085141,0.585782,0.392685,0.045783,11,0,none,1.472727,180.0,0.86,58.0,1.115789,145.0,0.988235,118.8235,0.737778,93.7778,0.0,0.0
137,497.0,415.0,1.19759,0.730196,0.378235,0.596787,5,6,none,1.472727,180.0,0.693333,49.6667,1.115789,145.0,0.988235,118.8235,1.471111,120.0,0.104667,0.086
138,307.0,415.0,0.739759,0.671134,0.364271,0.0,7,0,none,0.490909,103.6364,0.553333,42.6667,1.115789,145.0,0.235294,43.5294,1.324444,120.0,0.104667,0.086
139,503.0,415.0,1.212048,0.570614,0.350252,0.0,9,0,none,1.581818,180.0,0.333333,31.6667,1.940351,145.0,0.713725,91.3725,0.897778,109.7778,0.104667,0.036
140,414.6667,415.0,0.999197,0.704313,0.354813,0.505221,2,5,none,1.354545,180.0,0.08,19.0,1.926316,145.0,0.713725,91.3725,0.24,44.0,0.128667,0.212
141,265.0,415.0,0.638554,0.561538,0.372145,0.0,6,0,none,0.818182,152.7273,0.5,40.0,0.663158,104.5789,0.478431,67.8431,0.617778,81.7778,0.128667,0.212
142,729.0,415.0,1.756627,0.502189,0.262685,0.0,12,0,none,1.554545,180.0,0.64,47.0,2.536842,145.0,1.698039,120.0,1.875556,120.0,0.078667,0.162
143,727.6667,415.0,1.753414,0.924937,0.424387,0.8,1,8,none,1.554545,180.0,1.0,65.0,2.536842,145.0,1.682353,120.0,1.635556,120.0,0.519333,0.352667
144,421.3333,415.0,1.015261,0.909602,0.401528,0.362249,5,3,none,0.736364,140.4545,0.586667,44.3333,0.775439,118.0526,1.682353,120.0,1.257778,120.0,0.519333,0.474667
145,186.6667,415.0,0.449799,0.654495,0.430379,0.0,7,0,none,0.357576,83.6364,0.446667,37.3333,0.554386,91.5263,0.721569,92.1569,0.146667,34.6667,0.079333,0.424667
146,577.6667,415.0,1.391968,0.545462,0.443939,0.0,11,0,none,2.184848,180.0,0.92,61.0,0.985965,143.3158,1.015686,120.0,1.484444,120.0,0.0,0.074667
147,563.6667,415.0,1.358233,0.815875,0.476736,0.8,2,4,none,2.184848,180.0,0.86,58.0,0.870175,129.4211,1.015686,120.0,1.484444,120.0,0.064,0.036
148,553.0,415.0,1.33253,0.769275,0.474546,0.0,12,0,none,1.430303,180.0,1.086667,65.0,1.207018,145.0,1.486275,120.0,1.337778,120.0,0.064,0.036
149,617.6667,415.0,1.488353,0.743764,0.461899,0.0,10,0,none,1.521212,180.0,0.78,54.0,1.329825,145.0,1.470588,120.0,2.133333,120.0,0.064,0.036
150,462.3333,415.0,1.114056,0.840474,0.465358,0.640161,5,2,none,1.293939,180.0,0.253333,27.6667,1.154386,145.0,0.458824,65.8824,2.115556,120.0,0.2,0.05
151,417.6667,415.0,1.006426,0.816469,0.43997,0.143775,8,1,none,0.863636,159.5455,0.586667,44.3333,0.817544,123.1053,0.670588,87.0588,2.115556,120.0,0.2,0.25
152,378.3333,415.0,0.911647,0.647934,0.445551,0.0,13,0,none,0.8,150.0,0.753333,52.6667,1.249123,145.0,0.882353,108.2353,0.786667,98.6667,0.0,0.2
153,527.6667,415.0,1.271486,0.685133,0.324969,0.108434,9,2,none,1.636364,180.0,0.78,54.0,0.97193,141.6316,1.34902,120.0,1.355556,120.0,0.036,0.05
154,546.0,415.0,1.315663,0.745015,0.323651,0.31245,8,5,none,1.745455,180.0,1.273333,65.0,1.126316,145.0,1.121569,120.0,1.173333,120.0,0.174667,0.261333
155,408.0,415.0,0.983133,0.827232,0.282668,0.559839,1,5,none,1.663636,180.0,1.026667,65.0,0.445614,78.4737,0.909804,110.9804,0.72,92.0,0.342667,0.451333
156,542.0,415.0,1.306024,0.659709,0.281811,0.0,11,0,none,1.690909,180.0,0.886667,59.3333,1.484211,145.0,1.164706,120.0,0.955556,115.5556,0.306667,0.451333
157,573.6667,415.0,1.382329,0.765036,0.228444,0.521285,8,5,none,1.254545,180.0,1.0,65.0,2.119298,145.0,1.164706,120.0,1.137778,120.0,0.152667,0.24
158,393.0,415.0,0.946988,0.795546,0.229808,0.304418,6,5,none,0.521212,108.1818,1.0,65.0,1.066667,145.0,1.164706,120.0,1.137778,120.0,0.334,0.29
159,727.0,415.0,1.751807,0.593571,0.281443,0.0,14,0,none,1.612121,180.0,1.06,65.0,2.270175,145.0,1.243137,120.0,2.337778,120.0,0.331333,0.05
160,692.3333,415.0,1.668273,0.956785,0.3883,0.8,3,7,none,1.448485,180.0,0.753333,52.6667,2.270175,145.0,1.243137,120.0,2.32,120.0,0.320667,0.302
161,778.0,415.0,1.874699,0.847934,0.390105,0.0,10,0,none,2.333333,180.0,1.2,65.0,2.059649,145.0,1.537255,120.0,1.8,120.0,0.264,0.252
162,539.3333,415.0,1.299598,0.995334,0.389403,0.8,3,2,none,2.321212,180.0,0.78,54.0,1.052632,145.0,0.443137,64.3137,1.431111,120.0,0.064,0.036667
163,782.6667,415.0,1.885944,0.861184,0.395251,0.0,11,0,none,1.830303,180.0,1.406667,65.0,2.65614,145.0,1.796078,120.0,1.413333,120.0,0.0,0.024667
164,542.6667,415.0,1.307631,1.016316,0.419508,0.8,1,5,none,0.6,120.0,0.906667,60.3333,2.65614,145.0,1.796078,120.0,0.351111,55.1111,0.23,0.302
165,477.3333,415.0,1.150201,0.902091,0.42177,0.0,7,0,none,1.690909,180.0,0.906667,60.3333,1.392982,145.0,0.713725,91.3725,0.706667,90.6667,0.23,0.28
166,497.0,415.0,1.19759,0.748568,0.409249,0.0,6,0,none,1.090909,180.0,2.0,65.0,1.147368,145.0,1.286275,120.0,0.782222,98.2222,0.18,0.277333
167,488.6667,415.0,1.17751,0.783437,0.408002,0.296386,8,2,none,0.927273,169.0909,2.0,65.0,1.147368,145.0,1.286275,120.0,0.911111,111.1111,0.18,0.24
168,638.6667,415.0,1.538956,0.777146,0.408859,0.130924,9,1,none,2.018182,180.0,0.693333,49.6667,2.147368,145.0,1.07451,120.0,1.155556,120.0,0.202,0.24
169,452.0,415.0,1.089157,0.870044,0.353629,0.685141,2,6,none,1.790909,180.0,0.693333,49.6667,1.263158,145.0,0.227451,42.7451,1.08,120.0,0.382,0.375333
170,258.0,415.0,0.621687,0.631312,0.330603,0.0,6,0,none,1.254545,180.0,0.253333,27.6667,0.410526,74.2632,0.227451,42.7451,0.653333,85.3333,0.202,0.375333
171,579.6667,415.0,1.396787,0.581839,0.34023,0.0,12,0,none,1.254545,180.0,0.633333,46.6667,1.368421,145.0,1.85098,120.0,1.635556,120.0,0.18,0.275333
172,488.6667,415.0,1.17751,0.726227,0.30819,0.588755,4,2,none,0.827273,154.0909,0.613333,45.6667,1.105263,145.0,1.639216,120.0,1.635556,120.0,0.05,0.036
173,598.6667,415.0,1.44257,0.731245,0.305258,0.081124,3,2,none,1.754545,180.0,0.553333,42.6667,1.498246,145.0,1.623529,120.0,1.302222,120.0,0.05,0.064
174,400.6667,415.0,0.965462,0.787357,0.250931,0.383133,2,2,none,1.754545,180.0,0.113333,20.6667,0.540351,89.8421,1.411765,120.0,0.408889,60.8889,0.132,0.120667
175,296.6667,415.0,0.714859,0.582063,0.294278,0.0,12,0,none,0.587879,118.1818,0.526667,41.3333,0.838596,125.6316,0.843137,104.3137,0.724444,92.4444,0.132,0.084667
176,300.3333,415.0,0.723695,0.56304,0.290539,0.0,4,0,none,0.936364,170.4545,0.526667,41.3333,0.561404,92.3684,0.843137,104.3137,0.613333,81.3333,0.132,0.056667
177,590.0,415.0,1.421687,0.61449,0.284916,0.02008,11,0,none,1.29697,180.0,1.133333,65.0,2.108772,145.0,1.137255,120.0,1.248889,120.0,0.0,0.0
178,407.3333,415.0,0.981526,0.698254,0.289534,0.307631,5,1,none,0.772727,145.9091,0.746667,52.3333,1.547368,145.0,0.8,100.0,0.933333,113.3333,0.132,0.0
179,379.0,415.0,0.913253,0.60005,0.267681,0.0,8,0,none,1.484848,180.0,0.693333,49.6667,1.035088,145.0,0.505882,70.5882,0.528889,72.8889,0.132,0.0
180,522.0,415.0,1.257831,0.588225,0.230756,0.0,11,0,none,1.124242,180.0,0.913333,60.6667,1.775439,145.0,0.905882,110.5882,1.426667,120.0,0.132,0.0
181,457.3333,415.0,1.102008,0.693551,0.235943,0.378313,4,2,none,0.915152,167.2727,0.826667,56.3333,1.512281,145.0,0.760784,96.0784,1.426667,120.0,0.002667,0.056667
182,419.6667,415.0,1.011245,0.769603,0.225901,0.421687,5,2,none,0.939394,170.9091,0.8,55.0,0.97193,141.6316,1.007843,120.0,1.311111,120.0,0.214667,0.056667
183,252.3333,415.0,0.608032,0.589921,0.255715,0.0,10,0,none,0.712121,136.8182,0.48,39.0,1.017544,145.0,0.329412,52.9412,0.337778,53.7778,0.214667,0.056667
184,284.0,415.0,0.684337,0.541722,0.24313,0.0,6,0,none,0.551515,112.7273,0.48,39.0,1.017544,145.0,0.843137,104.3137,0.413333,61.3333,0.164667,0.0
185,470.6667,415.0,1.134137,0.537661,0.209757,0.0,7,0,none,1.324242,180.0,0.726667,51.3333,1.449123,145.0,0.807843,100.7843,1.097778,120.0,0.0,0.0
186,608.0,415.0,1.46506,0.643255,0.217996,0.278715,7,5,none,1.3,180.0,0.7,50.0,1.389474,145.0,1.760784,120.0,1.977778,120.0,0.195333,0.082
187,429.6667,415.0,1.035341,0.76418,0.241402,0.57751,4,6,none,0.20303,60.4545,0.7,50.0,1.389474,145.0,1.164706,120.0,1.884444,120.0,0.309333,0.332
188,646.3333,415.0,1.55743,0.733143,0.23366,0.0,13,0,none,1.475758,180.0,1.44,65.0,1.547368,145.0,1.729412,120.0,1.573333,120.0,0.309333,0.332
189,437.0,415.0,1.053012,0.801523,0.232551,0.457028,4,2,none,1.475758,180.0,0.96,63.0,0.852632,127.3158,0.878431,107.8431,0.946667,114.6667,0.066667,0.164667
190,679.0,415.0,1.636145,0.727897,0.231195,0.0,11,0,none,1.69697,180.0,0.793333,54.6667,2.115789,145.0,2.290196,120.0,0.76,96.0,0.002667,0.162
191,471.3333,415.0,1.135743,0.861366,0.25664,0.8,1,8,none,1.509091,180.0,0.333333,31.6667,1.263158,145.0,1.513725,120.0,0.533333,73.3333,0.407333,0.362
192,167.3333,415.0,0.403213,0.631294,0.291561,0.0,3,0,none,0.418182,92.7273,0.333333,31.6667,0.607018,97.8421,0.294118,49.4118,0.293333,49.3333,0.407333,0.2
193,256.6667,415.0,0.618474,0.490461,0.29541,0.0,5,0,none,0.912121,166.8182,0.113333,20.6667,0.607018,97.8421,0.898039,109.8039,0.222222,42.2222,0.204667,0.0
194,319.3333,415.0,0.769478,0.50378,0.291032,0.0,7,0,none,0.9,165.0,0.653333,47.6667,0.666667,105.0,0.619608,81.9608,0.955556,115.5556,0.002667,0.0
195,330.3333,415.0,0.795984,0.54814,0.288011,0.0,3,0,none,0.9,165.0,0.653333,47.6667,0.754386,115.5263,0.65098,85.098,0.955556,115.5556,0.0,0.0
196,442.3333,415.0,1.065863,0.49854,0.292177,0.0,13,0,none,1.0,180.0,0.653333,47.6667,1.607018,145.0,0.952941,115.2941,0.88,108.0,0.0,0.0
197,454.6667,415.0,1.095582,0.61389,0.275928,0.256225,3,3,none,1.0,180.0,0.113333,20.6667,1.547368,145.0,0.952941,115.2941,1.48,120.0,0.102667,0.134667
198,390.3333,415.0,0.940562,0.704611,0.28656,0.346185,2,9,none,1.0,180.0,0.673333,48.6667,0.852632,127.3158,0.643137,84.3137,1.48,120.0,0.576667,0.436
199,272.0,415.0,0.655422,0.577475,0.280042,0.0,5,0,none,0.869697,160.4545,0.613333,45.6667,0.115789,38.8947,0.278431,47.8431,1.48,120.0,0.576667,0.436
